offering_id,department_id,department_name,is_engineering_accredited,curriculum_year,cohort_rule,curriculum_area,is_msc,year,year_label,semester,requirement_type_raw,requirement_type_normalized,is_curriculum_required,is_policy_required,is_effectively_required,required_reason,course_code,course_name_raw,course_name_canonical,is_design_course,credit_structure_raw,credits,lecture_hours,design_hours,practice_hours,source_document,source_table_index,source_row_index,normalization_note,quality_flag
OFF0001,ARCH,건축공학전공,0,2026,2025학년도 이후 입학자 기준,general_common,0,1,1,1,교필(공통),required,1,0,1,교육과정표 필수,LA0299,글쓰기와 발표,글쓰기와발표,0,2-2-0-0,2,2,0,0,2026학년도 교육과정 운영기준 및 편성표(2026.02.27.),73,2,공백 제거,NORMALIZED_NAME
OFF0002,ARCH,건축공학전공,0,2026,2025학년도 이후 입학자 기준,general_common,0,1,1,2,교필(공통),required,1,0,1,교육과정표 필수,LA0366,디지털문해력,디지털문해력,0,3-3-0-0,3,3,0,0,2026학년도 교육과정 운영기준 및 편성표(2026.02.27.),73,2,,
OFF0003,ARCH,건축공학전공,0,2026,2025학년도 이후 입학자 기준,general_common,0,1,1,1,교필(공통),required,1,0,1,교육과정표 필수,LA0365,글로벌커뮤니케이션,글로벌커뮤니케이션,0,3-3-0-0,3,3,0,0,2026학년도 교육과정 운영기준 및 편성표(2026.02.27.),73,3,,
OFF0004,ARCH,건축공학전공,0,2026,2025학년도 이후 입학자 기준,academic_foundation_msc,1,1,1,1,교필(지정),required,1,0,1,교육과정표 필수,LA0500,대학수학1,대학수학1,0,3-3-0-0,3,3,0,0,2026학년도 교육과정 운영기준 및 편성표(2026.02.27.),73,4,,
OFF0005,ARCH,건축공학전공,0,2026,2025학년도 이후 입학자 기준,academic_foundation_msc,1,1,1,2,교필(지정),required,1,0,1,교육과정표 필수,LA0505,대학수학2,대학수학2,0,3-3-0-0,3,3,0,0,2026학년도 교육과정 운영기준 및 편성표(2026.02.27.),73,4,,
OFF0006,ARCH,건축공학전공,0,2026,2025학년도 이후 입학자 기준,academic_foundation_msc,1,1,1,1,교필(지정),required,1,0,1,교육과정표 필수,LA0501,일반물리학1,일반물리학1,0,3-3-0-0,3,3,0,0,2026학년도 교육과정 운영기준 및 편성표(2026.02.27.),73,5,,
OFF0007,ARCH,건축공학전공,0,2026,2025학년도 이후 입학자 기준,academic_foundation_msc,1,1,1,2,교필(지정),required,1,0,1,교육과정표 필수,LA0508,일반물리학2,일반물리학2,0,3-3-0-0,3,3,0,0,2026학년도 교육과정 운영기준 및 편성표(2026.02.27.),73,5,,POSSIBLE_SOURCE_CODE_TYPO
OFF0008,ARCH,건축공학전공,0,2026,2025학년도 이후 입학자 기준,academic_foundation_msc,1,1,1,1,교필(지정),required,1,0,1,교육과정표 필수,LA0503,일반화학1,일반화학1,0,3-3-0-0,3,3,0,0,2026학년도 교육과정 운영기준 및 편성표(2026.02.27.),73,6,,
OFF0009,ARCH,건축공학전공,0,2026,2025학년도 이후 입학자 기준,academic_foundation_msc,1,2,2,1,교필(지정),required,1,0,1,교육과정표 필수,LA0510,공학수학,공학수학,0,3-3-0-0,3,3,0,0,2026학년도 교육과정 운영기준 및 편성표(2026.02.27.),73,7,,
OFF0010,ARCH,건축공학전공,0,2026,2025학년도 이후 입학자 기준,academic_foundation_msc,1,2,2,2,교필(지정),required,1,0,1,교육과정표 필수,LA0515,확률및통계,확률및통계,0,3-3-0-0,3,3,0,0,2026학년도 교육과정 운영기준 및 편성표(2026.02.27.),73,7,,
OFF0011,ARCH,건축공학전공,0,2026,2025학년도 이후 입학자 기준,major,0,0,전학년,1,전선,elective,0,0,0,,FP0001,지도교수상담,지도교수상담,0,0-0-0-0,0,0,0,0,2026학년도 교육과정 운영기준 및 편성표(2026.02.27.),74,2,,
OFF0012,ARCH,건축공학전공,0,2026,2025학년도 이후 입학자 기준,major,0,0,전학년,2,전선,elective,0,0,0,,FP0001,지도교수상담,지도교수상담,0,0-0-0-0,0,0,0,0,2026학년도 교육과정 운영기준 및 편성표(2026.02.27.),74,2,,
OFF0013,ARCH,건축공학전공,0,2026,2025학년도 이후 입학자 기준,major,0,1,1,2,전필,required,1,0,1,교육과정표 필수,AA1011,스마트그린빌딩의 이해,스마트그린빌딩의이해,0,2-2-0-0,2,2,0,0,2026학년도 교육과정 운영기준 및 편성표(2026.02.27.),74,3,공백 제거,NORMALIZED_NAME
OFF0014,ARCH,건축공학전공,0,2026,2025학년도 이후 입학자 기준,major,0,1,1,1,전선,elective,0,0,0,,AA0001,건축토목환경공학개론,건축토목환경공학개론,0,2-2-0-0,2,2,0,0,2026학년도 교육과정 운영기준 및 편성표(2026.02.27.),74,4,,
OFF0015,ARCH,건축공학전공,0,2026,2025학년도 이후 입학자 기준,major,0,1,1,2,전선,elective,0,0,0,,AA1012,건축과컴퓨터,건축과컴퓨터,0,3-2-0-2,3,2,0,2,2026학년도 교육과정 운영기준 및 편성표(2026.02.27.),74,4,,
OFF0016,ARCH,건축공학전공,0,2026,2025학년도 이후 입학자 기준,major,0,2,2,1,전필,required,1,0,1,교육과정표 필수,AA1021,공학역학,공학역학,0,3-3-0-0,3,3,0,0,2026학년도 교육과정 운영기준 및 편성표(2026.02.27.),74,6,,
OFF0017,ARCH,건축공학전공,0,2026,2025학년도 이후 입학자 기준,major,0,2,2,2,전필,required,1,0,1,교육과정표 필수,AA1025,재료역학,재료역학,0,3-3-0-0,3,3,0,0,2026학년도 교육과정 운영기준 및 편성표(2026.02.27.),74,6,,
OFF0018,ARCH,건축공학전공,0,2026,2025학년도 이후 입학자 기준,major,0,2,2,2,전필,required,1,0,1,교육과정표 필수,AA1026,건축시공계획,건축시공계획,0,3-3-0-0,3,3,0,0,2026학년도 교육과정 운영기준 및 편성표(2026.02.27.),74,7,,
OFF0019,ARCH,건축공학전공,0,2026,2025학년도 이후 입학자 기준,major,0,2,2,2,전필,required,1,0,1,교육과정표 필수,AA1027,건축환경,건축환경,0,3-3-0-0,3,3,0,0,2026학년도 교육과정 운영기준 및 편성표(2026.02.27.),74,8,,
OFF0020,ARCH,건축공학전공,0,2026,2025학년도 이후 입학자 기준,major,0,2,2,1,전선,elective,0,0,0,,AA1022,건축재료,건축재료,0,3-3-0-0,3,3,0,0,2026학년도 교육과정 운영기준 및 편성표(2026.02.27.),74,9,,
OFF0021,ARCH,건축공학전공,0,2026,2025학년도 이후 입학자 기준,major,0,2,2,2,전선,elective,0,0,0,,AA1028,건축공학창의설계,건축공학창의설계,1,3-3-0-0,3,3,0,0,2026학년도 교육과정 운영기준 및 편성표(2026.02.27.),74,9,,
OFF0022,ARCH,건축공학전공,0,2026,2025학년도 이후 입학자 기준,major,0,2,2,1,전선,elective,0,0,0,,AA1023,건축구조시스템,건축구조시스템,0,3-3-0-0,3,3,0,0,2026학년도 교육과정 운영기준 및 편성표(2026.02.27.),74,10,,
OFF0023,ARCH,건축공학전공,0,2026,2025학년도 이후 입학자 기준,major,0,2,2,1,전선,elective,0,0,0,,AA1024,건축공학 창의적 컴퓨팅,건축공학창의적컴퓨팅,0,3-2-0-2,3,2,0,2,2026학년도 교육과정 운영기준 및 편성표(2026.02.27.),74,11,공백 제거,NORMALIZED_NAME
OFF0024,ARCH,건축공학전공,0,2026,2025학년도 이후 입학자 기준,major,0,3,3,1,전필,required,1,0,1,교육과정표 필수,AA1031,건축구조역학1,건축구조역학1,0,3-3-0-0,3,3,0,0,2026학년도 교육과정 운영기준 및 편성표(2026.02.27.),74,13,,
OFF0025,ARCH,건축공학전공,0,2026,2025학년도 이후 입학자 기준,major,0,3,3,2,전필,required,1,0,1,교육과정표 필수,AA1036,강구조,강구조,0,3-3-0-0,3,3,0,0,2026학년도 교육과정 운영기준 및 편성표(2026.02.27.),74,13,,
OFF0026,ARCH,건축공학전공,0,2026,2025학년도 이후 입학자 기준,major,0,3,3,1,전필,required,1,0,1,교육과정표 필수,AA1032,철근콘크리트1,철근콘크리트1,0,3-3-0-0,3,3,0,0,2026학년도 교육과정 운영기준 및 편성표(2026.02.27.),74,14,,
OFF0027,ARCH,건축공학전공,0,2026,2025학년도 이후 입학자 기준,major,0,3,3,2,전필,required,1,0,1,교육과정표 필수,AA1037,건축융합시스템설계1(종합설계),건축융합시스템설계1(종합설계),1,2-2-0-0,2,2,0,0,2026학년도 교육과정 운영기준 및 편성표(2026.02.27.),74,14,,
OFF0028,ARCH,건축공학전공,0,2026,2025학년도 이후 입학자 기준,major,0,3,3,1,전필,required,1,0,1,교육과정표 필수,AA1033,건축설비,건축설비,0,3-3-0-0,3,3,0,0,2026학년도 교육과정 운영기준 및 편성표(2026.02.27.),74,15,,
OFF0029,ARCH,건축공학전공,0,2026,2025학년도 이후 입학자 기준,major,0,3,3,1,전필,required,1,0,1,교육과정표 필수,AA1034,건축시공,건축시공,0,3-3-0-0,3,3,0,0,2026학년도 교육과정 운영기준 및 편성표(2026.02.27.),74,16,,
OFF0030,ARCH,건축공학전공,0,2026,2025학년도 이후 입학자 기준,major,0,3,3,1,전선,elective,0,0,0,,AA1035,구조계획,구조계획,0,3-3-0-0,3,3,0,0,2026학년도 교육과정 운영기준 및 편성표(2026.02.27.),74,17,,
OFF0031,ARCH,건축공학전공,0,2026,2025학년도 이후 입학자 기준,major,0,3,3,2,전선,elective,0,0,0,,AA1038,건축프로젝트경영,건축프로젝트경영,0,3-3-0-0,3,3,0,0,2026학년도 교육과정 운영기준 및 편성표(2026.02.27.),74,17,,
OFF0032,ARCH,건축공학전공,0,2026,2025학년도 이후 입학자 기준,major,0,3,3,2,전선,elective,0,0,0,,AA1039,건축구조역학2,건축구조역학2,0,3-3-0-0,3,3,0,0,2026학년도 교육과정 운영기준 및 편성표(2026.02.27.),74,18,,
OFF0033,ARCH,건축공학전공,0,2026,2025학년도 이후 입학자 기준,major,0,3,3,2,전선,elective,0,0,0,,AA1040,철근콘크리트2,철근콘크리트2,0,3-3-0-0,3,3,0,0,2026학년도 교육과정 운영기준 및 편성표(2026.02.27.),74,19,,
OFF0034,ARCH,건축공학전공,0,2026,2025학년도 이후 입학자 기준,major,0,3,3,2,전선,elective,0,0,0,,AA1041,건축적산,건축적산,0,3-3-0-0,3,3,0,0,2026학년도 교육과정 운영기준 및 편성표(2026.02.27.),74,20,,
OFF0035,ARCH,건축공학전공,0,2026,2025학년도 이후 입학자 기준,major,0,4,4,1,전선,elective,0,0,0,,AA1042,스마트컨스트럭션,스마트컨스트럭션,0,3-3-0-0,3,3,0,0,2026학년도 교육과정 운영기준 및 편성표(2026.02.27.),74,22,,
OFF0036,ARCH,건축공학전공,0,2026,2025학년도 이후 입학자 기준,major,0,4,4,2,전선,elective,0,0,0,,AA1046,구조해석및실습,구조해석및실습,0,3-2-0-2,3,2,0,2,2026학년도 교육과정 운영기준 및 편성표(2026.02.27.),74,22,,
OFF0037,ARCH,건축공학전공,0,2026,2025학년도 이후 입학자 기준,major,0,4,4,1,전선,elective,0,0,0,,AA1043,건축프로젝트기획및실습,건축프로젝트기획및실습,0,3-2-0-2,3,2,0,2,2026학년도 교육과정 운영기준 및 편성표(2026.02.27.),74,23,,
OFF0038,ARCH,건축공학전공,0,2026,2025학년도 이후 입학자 기준,major,0,4,4,2,전선,elective,0,0,0,,AA1047,건축융합시스템설계3(종합설계),건축융합시스템설계3(종합설계),1,2-2-0-0,2,2,0,0,2026학년도 교육과정 운영기준 및 편성표(2026.02.27.),74,23,,
OFF0039,ARCH,건축공학전공,0,2026,2025학년도 이후 입학자 기준,major,0,4,4,1,전선,elective,0,0,0,,AA1044,건축융합시스템설계2(종합설계),건축융합시스템설계2(종합설계),1,2-2-0-0,2,2,0,0,2026학년도 교육과정 운영기준 및 편성표(2026.02.27.),74,24,,
OFF0040,ARCH,건축공학전공,0,2026,2025학년도 이후 입학자 기준,major,0,4,4,2,전선,elective,0,0,0,,AA1048,건축법규,건축법규,0,3-3-0-0,3,3,0,0,2026학년도 교육과정 운영기준 및 편성표(2026.02.27.),74,24,,
OFF0041,ARCH,건축공학전공,0,2026,2025학년도 이후 입학자 기준,major,0,4,4,1,전선,elective,0,0,0,,AA1045,건물에너지시스템,건물에너지시스템,0,3-3-0-0,3,3,0,0,2026학년도 교육과정 운영기준 및 편성표(2026.02.27.),74,25,,
OFF0042,CIVIL,토목공학전공,0,2026,2025학년도 이후 입학자 기준,general_common,0,1,1,1,교필 (공통),required,1,0,1,교육과정표 필수,LA0299,글쓰기와발표,글쓰기와발표,0,2-2-0-0,2,2,0,0,2026학년도 교육과정 운영기준 및 편성표(2026.02.27.),113,2,,
OFF0043,CIVIL,토목공학전공,0,2026,2025학년도 이후 입학자 기준,general_common,0,1,1,2,교필 (공통),required,1,0,1,교육과정표 필수,LA0366,디지털문해력,디지털문해력,0,3-3-0-0,3,3,0,0,2026학년도 교육과정 운영기준 및 편성표(2026.02.27.),113,2,,
OFF0044,CIVIL,토목공학전공,0,2026,2025학년도 이후 입학자 기준,general_common,0,1,1,1,교필 (공통),required,1,0,1,교육과정표 필수,LA0365,글로벌커뮤니케이션,글로벌커뮤니케이션,0,3-3-0-0,3,3,0,0,2026학년도 교육과정 운영기준 및 편성표(2026.02.27.),113,3,,
OFF0045,CIVIL,토목공학전공,0,2026,2025학년도 이후 입학자 기준,academic_foundation_msc,1,1,1,1,교필 (지정),required,1,0,1,교육과정표 필수,LA0500,대학수학1,대학수학1,0,3-3-0-0,3,3,0,0,2026학년도 교육과정 운영기준 및 편성표(2026.02.27.),113,4,,
OFF0046,CIVIL,토목공학전공,0,2026,2025학년도 이후 입학자 기준,academic_foundation_msc,1,1,1,2,교필 (지정),required,1,0,1,교육과정표 필수,LA0505,대학수학2,대학수학2,0,3-3-0-0,3,3,0,0,2026학년도 교육과정 운영기준 및 편성표(2026.02.27.),113,4,,
OFF0047,CIVIL,토목공학전공,0,2026,2025학년도 이후 입학자 기준,academic_foundation_msc,1,1,1,1,교필 (지정),required,1,0,1,교육과정표 필수,LA0501,일반물리학1,일반물리학1,0,3-3-0-0,3,3,0,0,2026학년도 교육과정 운영기준 및 편성표(2026.02.27.),113,5,,
OFF0048,CIVIL,토목공학전공,0,2026,2025학년도 이후 입학자 기준,academic_foundation_msc,1,1,1,2,교필 (지정),required,1,0,1,교육과정표 필수,LA0506,일반물리학2,일반물리학2,0,3-3-0-0,3,3,0,0,2026학년도 교육과정 운영기준 및 편성표(2026.02.27.),113,5,,
OFF0049,CIVIL,토목공학전공,0,2026,2025학년도 이후 입학자 기준,academic_foundation_msc,1,1,1,1,교필 (지정),required,1,0,1,교육과정표 필수,LA0503,일반화학1,일반화학1,0,3-3-0-0,3,3,0,0,2026학년도 교육과정 운영기준 및 편성표(2026.02.27.),113,6,,
OFF0050,CIVIL,토목공학전공,0,2026,2025학년도 이후 입학자 기준,academic_foundation_msc,1,1,1,2,교필 (지정),required,1,0,1,교육과정표 필수,LA0516,컴퓨터프로그래밍언어,컴퓨터프로그래밍언어,0,3-3-0-0,3,3,0,0,2026학년도 교육과정 운영기준 및 편성표(2026.02.27.),113,6,,
OFF0051,CIVIL,토목공학전공,0,2026,2025학년도 이후 입학자 기준,academic_foundation_msc,1,2,2,1,교필 (지정),required,1,0,1,교육과정표 필수,LA0510,공학수학,공학수학,0,3-3-0-0,3,3,0,0,2026학년도 교육과정 운영기준 및 편성표(2026.02.27.),113,8,,
OFF0052,CIVIL,토목공학전공,0,2026,2025학년도 이후 입학자 기준,academic_foundation_msc,1,2,2,2,교필 (지정),required,1,0,1,교육과정표 필수,LA0515,확률및통계,확률및통계,0,3-3-0-0,3,3,0,0,2026학년도 교육과정 운영기준 및 편성표(2026.02.27.),113,8,,
OFF0053,CIVIL,토목공학전공,0,2026,2025학년도 이후 입학자 기준,major,0,0,전학년,1,전선,elective,0,0,0,,FP0001,지도교수상담,지도교수상담,0,0-0-0-0,0,0,0,0,2026학년도 교육과정 운영기준 및 편성표(2026.02.27.),116,2,,
OFF0054,CIVIL,토목공학전공,0,2026,2025학년도 이후 입학자 기준,major,0,0,전학년,2,전선,elective,0,0,0,,FP0001,지도교수상담,지도교수상담,0,0-0-0-0,0,0,0,0,2026학년도 교육과정 운영기준 및 편성표(2026.02.27.),116,2,,
OFF0055,CIVIL,토목공학전공,0,2026,2025학년도 이후 입학자 기준,major,0,1,1,1,전선,elective,0,0,0,,AA0001,건축토목환경공학개론,건축토목환경공학개론,0,2-2-0-0,2,2,0,0,2026학년도 교육과정 운영기준 및 편성표(2026.02.27.),116,3,,
OFF0056,CIVIL,토목공학전공,0,2026,2025학년도 이후 입학자 기준,major,0,1,1,2,전선,elective,0,0,0,,AA3001,공업역학,공업역학,0,2-2-0-0,2,2,0,0,2026학년도 교육과정 운영기준 및 편성표(2026.02.27.),116,3,,
OFF0057,CIVIL,토목공학전공,0,2026,2025학년도 이후 입학자 기준,major,0,2,2,1,전필,required,1,0,1,교육과정표 필수,AA3002,측량학및실습1,측량학및실습1,0,3-2-0-2,3,2,0,2,2026학년도 교육과정 운영기준 및 편성표(2026.02.27.),116,5,,
OFF0058,CIVIL,토목공학전공,0,2026,2025학년도 이후 입학자 기준,major,0,2,2,2,전필,required,1,0,1,교육과정표 필수,AA3008,상하수도공학,상하수도공학,0,3-3-0-0,3,3,0,0,2026학년도 교육과정 운영기준 및 편성표(2026.02.27.),116,5,,
OFF0059,CIVIL,토목공학전공,0,2026,2025학년도 이후 입학자 기준,major,0,2,2,1,전필,required,1,0,1,교육과정표 필수,AA3003,토목CAD,토목CAD,0,2-2-0-0,2,2,0,0,2026학년도 교육과정 운영기준 및 편성표(2026.02.27.),116,6,,
OFF0060,CIVIL,토목공학전공,0,2026,2025학년도 이후 입학자 기준,major,0,2,2,2,전필,required,1,0,1,교육과정표 필수,AA3009,암반역학,암반역학,0,2-2-0-0,2,2,0,0,2026학년도 교육과정 운영기준 및 편성표(2026.02.27.),116,6,,
OFF0061,CIVIL,토목공학전공,0,2026,2025학년도 이후 입학자 기준,major,0,2,2,1,전선,elective,0,0,0,,AA3004,스마트물공학의이해,스마트물공학의이해,0,3-3-0-0,3,3,0,0,2026학년도 교육과정 운영기준 및 편성표(2026.02.27.),116,7,,
OFF0062,CIVIL,토목공학전공,0,2026,2025학년도 이후 입학자 기준,major,0,2,2,2,전선,elective,0,0,0,,AA3010,기초수리학,기초수리학,0,3-3-0-0,3,3,0,0,2026학년도 교육과정 운영기준 및 편성표(2026.02.27.),116,7,,
OFF0063,CIVIL,토목공학전공,0,2026,2025학년도 이후 입학자 기준,major,0,2,2,1,전선,elective,0,0,0,,AA3005,재료역학1,재료역학1,0,3-3-0-0,3,3,0,0,2026학년도 교육과정 운영기준 및 편성표(2026.02.27.),116,8,,
OFF0064,CIVIL,토목공학전공,0,2026,2025학년도 이후 입학자 기준,major,0,2,2,2,전선,elective,0,0,0,,AA3011,측량학및실습2,측량학및실습2,0,3-2-0-2,3,2,0,2,2026학년도 교육과정 운영기준 및 편성표(2026.02.27.),116,8,,
OFF0065,CIVIL,토목공학전공,0,2026,2025학년도 이후 입학자 기준,major,0,2,2,1,전선,elective,0,0,0,,AA3006,토목지질학,토목지질학,0,2-2-0-0,2,2,0,0,2026학년도 교육과정 운영기준 및 편성표(2026.02.27.),116,9,,
OFF0066,CIVIL,토목공학전공,0,2026,2025학년도 이후 입학자 기준,major,0,2,2,2,전선,elective,0,0,0,,AA3012,재료역학2,재료역학2,0,3-3-0-0,3,3,0,0,2026학년도 교육과정 운영기준 및 편성표(2026.02.27.),116,9,,
OFF0067,CIVIL,토목공학전공,0,2026,2025학년도 이후 입학자 기준,major,0,2,2,1,전선,elective,0,0,0,,AA3007,건설재료학,건설재료학,0,2-2-0-0,2,2,0,0,2026학년도 교육과정 운영기준 및 편성표(2026.02.27.),116,10,,
OFF0068,CIVIL,토목공학전공,0,2026,2025학년도 이후 입학자 기준,major,0,2,2,2,전선,elective,0,0,0,,AA3030,지리정보시스템,지리정보시스템,0,2-2-0-0,2,2,0,0,2026학년도 교육과정 운영기준 및 편성표(2026.02.27.),116,10,,
OFF0069,CIVIL,토목공학전공,0,2026,2025학년도 이후 입학자 기준,major,0,2,2,2,전선,elective,0,0,0,,AA3014,구조BIM,구조BIM,0,3-3-0-0,3,3,0,0,2026학년도 교육과정 운영기준 및 편성표(2026.02.27.),116,11,,
OFF0070,CIVIL,토목공학전공,0,2026,2025학년도 이후 입학자 기준,major,0,3,3,1,전필,required,1,0,1,교육과정표 필수,AA3015,토질역학및실험1,토질역학및실험1,0,3-2-0-2,3,2,0,2,2026학년도 교육과정 운영기준 및 편성표(2026.02.27.),116,13,,
OFF0071,CIVIL,토목공학전공,0,2026,2025학년도 이후 입학자 기준,major,0,3,3,2,전필,required,1,0,1,교육과정표 필수,AA3021,구조역학2,구조역학2,0,3-3-0-0,3,3,0,0,2026학년도 교육과정 운영기준 및 편성표(2026.02.27.),116,13,,
OFF0072,CIVIL,토목공학전공,0,2026,2025학년도 이후 입학자 기준,major,0,3,3,1,전필,required,1,0,1,교육과정표 필수,AA3016,철근콘크리트공학및실험1,철근콘크리트공학및실험1,0,3-2-0-2,3,2,0,2,2026학년도 교육과정 운영기준 및 편성표(2026.02.27.),116,14,,
OFF0073,CIVIL,토목공학전공,0,2026,2025학년도 이후 입학자 기준,major,0,3,3,2,전필,required,1,0,1,교육과정표 필수,AA3022,도시환경수문학,도시환경수문학,0,3-3-0-0,3,3,0,0,2026학년도 교육과정 운영기준 및 편성표(2026.02.27.),116,14,,
OFF0074,CIVIL,토목공학전공,0,2026,2025학년도 이후 입학자 기준,major,0,3,3,1,전선,elective,0,0,0,,AA3017,구조역학1,구조역학1,0,3-3-0-0,3,3,0,0,2026학년도 교육과정 운영기준 및 편성표(2026.02.27.),116,15,,
OFF0075,CIVIL,토목공학전공,0,2026,2025학년도 이후 입학자 기준,major,0,3,3,2,전선,elective,0,0,0,,AA3023,철근콘크리트공학2,철근콘크리트공학2,0,3-3-0-0,3,3,0,0,2026학년도 교육과정 운영기준 및 편성표(2026.02.27.),116,15,,
OFF0076,CIVIL,토목공학전공,0,2026,2025학년도 이후 입학자 기준,major,0,3,3,1,전선,elective,0,0,0,,AA3018,도로공학,도로공학,0,3-3-0-0,3,3,0,0,2026학년도 교육과정 운영기준 및 편성표(2026.02.27.),116,16,,
OFF0077,CIVIL,토목공학전공,0,2026,2025학년도 이후 입학자 기준,major,0,3,3,2,전선,elective,0,0,0,,AA3024,토질역학및실험2,토질역학및실험2,0,3-2-0-2,3,2,0,2,2026학년도 교육과정 운영기준 및 편성표(2026.02.27.),116,16,,
OFF0078,CIVIL,토목공학전공,0,2026,2025학년도 이후 입학자 기준,major,0,3,3,1,전선,elective,0,0,0,,AA3019,물디지털트윈모델링,물디지털트윈모델링,0,3-3-0-0,3,3,0,0,2026학년도 교육과정 운영기준 및 편성표(2026.02.27.),116,17,,
OFF0079,CIVIL,토목공학전공,0,2026,2025학년도 이후 입학자 기준,major,0,3,3,2,전선,elective,0,0,0,,AA3025,토목시공및공정설계,토목시공및공정설계,1,3-1-2-0,3,1,2,0,2026학년도 교육과정 운영기준 및 편성표(2026.02.27.),116,17,,
OFF0080,CIVIL,토목공학전공,0,2026,2025학년도 이후 입학자 기준,major,0,3,3,1,전선,elective,0,0,0,,AA3020,해안공학,해안공학,0,3-3-0-0,3,3,0,0,2026학년도 교육과정 운영기준 및 편성표(2026.02.27.),116,18,,
OFF0081,CIVIL,토목공학전공,0,2026,2025학년도 이후 입학자 기준,major,0,3,3,2,전선,elective,0,0,0,,AA3026,스마트물환경네트워크설계,스마트물환경네트워크설계,1,3-1-2-0,3,1,2,0,2026학년도 교육과정 운영기준 및 편성표(2026.02.27.),116,18,,
OFF0082,CIVIL,토목공학전공,0,2026,2025학년도 이후 입학자 기준,major,0,3,3,2,전선,elective,0,0,0,,AA3027,전산지반모델링,전산지반모델링,0,2-2-0-0,2,2,0,0,2026학년도 교육과정 운영기준 및 편성표(2026.02.27.),116,19,,
OFF0083,CIVIL,토목공학전공,0,2026,2025학년도 이후 입학자 기준,major,0,4,4,1,전필,required,1,0,1,교육과정표 필수,AA3028,졸업논문1 (Capstone Design1),졸업논문1(CapstoneDesign1),0,2-0-0-4,2,0,0,4,2026학년도 교육과정 운영기준 및 편성표(2026.02.27.),116,21,공백 제거,NORMALIZED_NAME
OFF0084,CIVIL,토목공학전공,0,2026,2025학년도 이후 입학자 기준,major,0,4,4,2,전필,required,1,0,1,교육과정표 필수,AA3034,졸업논문2 (Capstone Design2),졸업논문2(CapstoneDesign2),0,2-0-0-4,2,0,0,4,2026학년도 교육과정 운영기준 및 편성표(2026.02.27.),116,21,공백 제거,NORMALIZED_NAME
OFF0085,CIVIL,토목공학전공,0,2026,2025학년도 이후 입학자 기준,major,0,4,4,1,전선,elective,0,0,0,,AA3029,스마트교량공학,스마트교량공학,0,3-3-0-0,3,3,0,0,2026학년도 교육과정 운영기준 및 편성표(2026.02.27.),116,22,,
OFF0086,CIVIL,토목공학전공,0,2026,2025학년도 이후 입학자 기준,major,0,4,4,2,전선,elective,0,0,0,,AA3035,컴퓨터수치해석,컴퓨터수치해석,0,3-3-0-0,3,3,0,0,2026학년도 교육과정 운영기준 및 편성표(2026.02.27.),116,22,,
OFF0087,CIVIL,토목공학전공,0,2026,2025학년도 이후 입학자 기준,major,0,4,4,1,전선,elective,0,0,0,,AA3013,드론정보시스템,드론정보시스템,0,2-2-0-0,2,2,0,0,2026학년도 교육과정 운영기준 및 편성표(2026.02.27.),116,23,,
OFF0088,CIVIL,토목공학전공,0,2026,2025학년도 이후 입학자 기준,major,0,4,4,2,전선,elective,0,0,0,,AA3036,마이다스구조해석,마이다스구조해석,0,2-2-0-0,2,2,0,0,2026학년도 교육과정 운영기준 및 편성표(2026.02.27.),116,23,,
OFF0089,CIVIL,토목공학전공,0,2026,2025학년도 이후 입학자 기준,major,0,4,4,1,전선,elective,0,0,0,,AA3031,구조물계획과디자인,구조물계획과디자인,0,3-3-0-0,3,3,0,0,2026학년도 교육과정 운영기준 및 편성표(2026.02.27.),116,24,,
OFF0090,CIVIL,토목공학전공,0,2026,2025학년도 이후 입학자 기준,major,0,4,4,2,전선,elective,0,0,0,,AA3037,디지털사진측량,디지털사진측량,0,2-2-0-0,2,2,0,0,2026학년도 교육과정 운영기준 및 편성표(2026.02.27.),116,24,,
OFF0091,CIVIL,토목공학전공,0,2026,2025학년도 이후 입학자 기준,major,0,4,4,1,전선,elective,0,0,0,,AA3032,기초공학,기초공학,0,3-3-0-0,3,3,0,0,2026학년도 교육과정 운영기준 및 편성표(2026.02.27.),116,25,,
OFF0092,CIVIL,토목공학전공,0,2026,2025학년도 이후 입학자 기준,major,0,4,4,1,전선,elective,0,0,0,,AA3033,기후변화적응수자원공학,기후변화적응수자원공학,0,3-3-0-0,3,3,0,0,2026학년도 교육과정 운영기준 및 편성표(2026.02.27.),116,26,,
OFF0093,IND,산업공학전공,0,2026,2025학년도 이후 입학자 기준,general_common,0,1,1,1,교필 (기초교양),required,1,0,1,교육과정표 필수,LA0299,글쓰기와발표,글쓰기와발표,0,2-2-0-0,2,2,0,0,2026학년도 교육과정 운영기준 및 편성표(2026.02.27.),228,2,,
OFF0094,IND,산업공학전공,0,2026,2025학년도 이후 입학자 기준,general_common,0,1,1,2,교필 (기초교양),required,1,0,1,교육과정표 필수,LA0365,글로벌커뮤니케이션,글로벌커뮤니케이션,0,3-3-0-0,3,3,0,0,2026학년도 교육과정 운영기준 및 편성표(2026.02.27.),228,2,,
OFF0095,IND,산업공학전공,0,2026,2025학년도 이후 입학자 기준,general_common,0,1,1,2,교필 (기초교양),required,1,0,1,교육과정표 필수,LA0366,디지털문해력,디지털문해력,0,3-3-0-0,3,3,0,0,2026학년도 교육과정 운영기준 및 편성표(2026.02.27.),228,3,,
OFF0096,IND,산업공학전공,0,2026,2025학년도 이후 입학자 기준,academic_foundation_msc,1,1,1,1,교필 (학문기초),required,1,0,1,교육과정표 필수,LA0500,대학수학1,대학수학1,0,3-3-0-0,3,3,0,0,2026학년도 교육과정 운영기준 및 편성표(2026.02.27.),228,4,,
OFF0097,IND,산업공학전공,0,2026,2025학년도 이후 입학자 기준,academic_foundation_msc,1,1,1,2,교필 (학문기초),required,1,0,1,교육과정표 필수,LA0505,대학수학2,대학수학2,0,3-3-0-0,3,3,0,0,2026학년도 교육과정 운영기준 및 편성표(2026.02.27.),228,4,,
OFF0098,IND,산업공학전공,0,2026,2025학년도 이후 입학자 기준,academic_foundation_msc,1,1,1,1,교필 (학문기초),required,1,0,1,교육과정표 필수,LA0515,확률및통계,확률및통계,0,3-3-0-0,3,3,0,0,2026학년도 교육과정 운영기준 및 편성표(2026.02.27.),228,5,,
OFF0099,IND,산업공학전공,0,2026,2025학년도 이후 입학자 기준,academic_foundation_msc,1,1,1,1,교필 (학문기초),required,1,0,1,교육과정표 필수,LA0516,컴퓨터프로그래밍언어,컴퓨터프로그래밍언어,0,3-3-0-0,3,3,0,0,2026학년도 교육과정 운영기준 및 편성표(2026.02.27.),228,6,,
OFF0100,IND,산업공학전공,0,2026,2025학년도 이후 입학자 기준,academic_foundation_msc,1,2,2,1,교필 (학문기초),required,1,0,1,교육과정표 필수,LA0518,고급프로그래밍언어,고급프로그래밍언어,0,3-2-1-0,3,2,1,0,2026학년도 교육과정 운영기준 및 편성표(2026.02.27.),228,7,,
OFF0101,IND,산업공학전공,0,2026,2025학년도 이후 입학자 기준,academic_foundation_msc,1,2,2,2,교필 (학문기초),required,1,0,1,교육과정표 필수,LA0510,공학수학,공학수학,0,3-3-0-0,3,3,0,0,2026학년도 교육과정 운영기준 및 편성표(2026.02.27.),228,7,,
OFF0102,IND,산업공학전공,0,2026,2025학년도 이후 입학자 기준,major,0,0,전학년,1,전선,elective,0,0,0,,FP0001,지도교수상담,지도교수상담,0,0-0-0-0,0,0,0,0,2026학년도 교육과정 운영기준 및 편성표(2026.02.27.),232,2,,
OFF0103,IND,산업공학전공,0,2026,2025학년도 이후 입학자 기준,major,0,0,전학년,2,전선,elective,0,0,0,,FP0001,지도교수상담,지도교수상담,0,0-0-0-0,0,0,0,0,2026학년도 교육과정 운영기준 및 편성표(2026.02.27.),232,2,,
OFF0104,IND,산업공학전공,0,2026,2025학년도 이후 입학자 기준,major,0,1,1,2,전선,elective,0,0,0,,DA0001,스마트제조개론,스마트제조개론,0,3-3-0-0,3,3,0,0,2026학년도 교육과정 운영기준 및 편성표(2026.02.27.),232,3,,
OFF0105,IND,산업공학전공,0,2026,2025학년도 이후 입학자 기준,major,0,1,1,2,전선,elective,0,0,0,,DA0002,빅데이터의세계,빅데이터의세계,0,3-3-0-0,3,3,0,0,2026학년도 교육과정 운영기준 및 편성표(2026.02.27.),232,4,,
OFF0106,IND,산업공학전공,0,2026,2025학년도 이후 입학자 기준,major,0,2,2,1,전필,required,1,0,1,교육과정표 필수,DA1001,인간공학,인간공학,0,3-2-1-0,3,2,1,0,2026학년도 교육과정 운영기준 및 편성표(2026.02.27.),232,6,,
OFF0107,IND,산업공학전공,0,2026,2025학년도 이후 입학자 기준,major,0,2,2,2,전필,required,1,0,1,교육과정표 필수,DA1007,CAD및실습,CAD및실습,0,3-1-2-0,3,1,2,0,2026학년도 교육과정 운영기준 및 편성표(2026.02.27.),232,6,,
OFF0108,IND,산업공학전공,0,2026,2025학년도 이후 입학자 기준,major,0,2,2,1,전필,required,1,0,1,교육과정표 필수,DA1002,OR,OR,0,3-3-0-0,3,3,0,0,2026학년도 교육과정 운영기준 및 편성표(2026.02.27.),232,7,,
OFF0109,IND,산업공학전공,0,2026,2025학년도 이후 입학자 기준,major,0,2,2,2,전필,required,1,0,1,교육과정표 필수,DA1008,데이터마이닝,데이터마이닝,0,3-2-1-0,3,2,1,0,2026학년도 교육과정 운영기준 및 편성표(2026.02.27.),232,7,,
OFF0110,IND,산업공학전공,0,2026,2025학년도 이후 입학자 기준,major,0,2,2,1,전필,required,1,0,1,교육과정표 필수,DA1003,하이테크마케팅,하이테크마케팅,0,3-1-2-0,3,1,2,0,2026학년도 교육과정 운영기준 및 편성표(2026.02.27.),232,8,,
OFF0111,IND,산업공학전공,0,2026,2025학년도 이후 입학자 기준,major,0,2,2,2,전필,required,1,0,1,교육과정표 필수,DA1009,통계적품질관리,통계적품질관리,0,3-3-0-0,3,3,0,0,2026학년도 교육과정 운영기준 및 편성표(2026.02.27.),232,8,,
OFF0112,IND,산업공학전공,0,2026,2025학년도 이후 입학자 기준,major,0,2,2,2,전필,required,1,0,1,교육과정표 필수,DA1010,제품과서비스기획,제품과서비스기획,0,3-2-1-0,3,2,1,0,2026학년도 교육과정 운영기준 및 편성표(2026.02.27.),232,9,,
OFF0113,IND,산업공학전공,0,2026,2025학년도 이후 입학자 기준,major,0,2,2,1,전선,elective,0,0,0,,DA1004,데이터분석,데이터분석,0,3-2-1-0,3,2,1,0,2026학년도 교육과정 운영기준 및 편성표(2026.02.27.),232,10,,
OFF0114,IND,산업공학전공,0,2026,2025학년도 이후 입학자 기준,major,0,2,2,2,전선,elective,0,0,0,,DA1011,시스템최적화,시스템최적화,0,3-2-1-0,3,2,1,0,2026학년도 교육과정 운영기준 및 편성표(2026.02.27.),232,10,,
OFF0115,IND,산업공학전공,0,2026,2025학년도 이후 입학자 기준,major,0,2,2,1,전선,elective,0,0,0,,DA1005,정보설계와시각화,정보설계와시각화,1,3-1-2-0,3,1,2,0,2026학년도 교육과정 운영기준 및 편성표(2026.02.27.),232,11,,
OFF0116,IND,산업공학전공,0,2026,2025학년도 이후 입학자 기준,major,0,2,2,2,전선,elective,0,0,0,,DA1012,3D프로토타이핑,3D프로토타이핑,0,3-1-2-0,3,1,2,0,2026학년도 교육과정 운영기준 및 편성표(2026.02.27.),232,11,,
OFF0117,IND,산업공학전공,0,2026,2025학년도 이후 입학자 기준,major,0,2,2,1,전선,elective,0,0,0,,DA1029,SCM및물류,SCM및물류,0,3-2-1-0,3,2,1,0,2026학년도 교육과정 운영기준 및 편성표(2026.02.27.),232,12,,
OFF0118,IND,산업공학전공,0,2026,2025학년도 이후 입학자 기준,major,0,3,3,1,전필,required,1,0,1,교육과정표 필수,DA1013,스마트생산관리,스마트생산관리,0,3-3-0-0,3,3,0,0,2026학년도 교육과정 운영기준 및 편성표(2026.02.27.),232,14,,
OFF0119,IND,산업공학전공,0,2026,2025학년도 이후 입학자 기준,major,0,3,3,2,전필,required,1,0,1,교육과정표 필수,DA1020,시스템시뮬레이션및실습,시스템시뮬레이션및실습,0,3-2-1-0,3,2,1,0,2026학년도 교육과정 운영기준 및 편성표(2026.02.27.),232,14,,
OFF0120,IND,산업공학전공,0,2026,2025학년도 이후 입학자 기준,major,0,3,3,1,전필,required,1,0,1,교육과정표 필수,DA1014,제조시스템공학,제조시스템공학,0,3-2-1-0,3,2,1,0,2026학년도 교육과정 운영기준 및 편성표(2026.02.27.),232,15,,
OFF0121,IND,산업공학전공,0,2026,2025학년도 이후 입학자 기준,major,0,3,3,2,전필,required,1,0,1,교육과정표 필수,DA1021,제품및시스템디자인,제품및시스템디자인,0,3-1-2-0,3,1,2,0,2026학년도 교육과정 운영기준 및 편성표(2026.02.27.),232,15,,
OFF0122,IND,산업공학전공,0,2026,2025학년도 이후 입학자 기준,major,0,3,3,1,전선,elective,0,0,0,,DA1015,데이터사이언스,데이터사이언스,0,3-2-1-0,3,2,1,0,2026학년도 교육과정 운영기준 및 편성표(2026.02.27.),232,16,,
OFF0123,IND,산업공학전공,0,2026,2025학년도 이후 입학자 기준,major,0,3,3,2,전선,elective,0,0,0,,DA1022,HCI,HCI,0,3-2-1-0,3,2,1,0,2026학년도 교육과정 운영기준 및 편성표(2026.02.27.),232,16,,
OFF0124,IND,산업공학전공,0,2026,2025학년도 이후 입학자 기준,major,0,3,3,1,전선,elective,0,0,0,,DA1016,신뢰성공학,신뢰성공학,0,3-3-0-0,3,3,0,0,2026학년도 교육과정 운영기준 및 편성표(2026.02.27.),232,17,,
OFF0125,IND,산업공학전공,0,2026,2025학년도 이후 입학자 기준,major,0,3,3,2,전선,elective,0,0,0,,DA1023,실험계획법,실험계획법,0,3-1-2-0,3,1,2,0,2026학년도 교육과정 운영기준 및 편성표(2026.02.27.),232,17,,
OFF0126,IND,산업공학전공,0,2026,2025학년도 이후 입학자 기준,major,0,3,3,1,전선,elective,0,0,0,,DA1017,UX디자인,UX디자인,0,3-1-2-0,3,1,2,0,2026학년도 교육과정 운영기준 및 편성표(2026.02.27.),232,18,,
OFF0127,IND,산업공학전공,0,2026,2025학년도 이후 입학자 기준,major,0,3,3,2,전선,elective,0,0,0,,DA1024,생산계획및통제,생산계획및통제,0,3-1-2-0,3,1,2,0,2026학년도 교육과정 운영기준 및 편성표(2026.02.27.),232,18,,
OFF0128,IND,산업공학전공,0,2026,2025학년도 이후 입학자 기준,major,0,3,3,1,전선,elective,0,0,0,,DA1018,디자인공학리서치,디자인공학리서치,0,3-1-2-0,3,1,2,0,2026학년도 교육과정 운영기준 및 편성표(2026.02.27.),232,19,,
OFF0129,IND,산업공학전공,0,2026,2025학년도 이후 입학자 기준,major,0,3,3,2,전선,elective,0,0,0,,DA1025,산업안전공학,산업안전공학,0,3-3-0-0,3,3,0,0,2026학년도 교육과정 운영기준 및 편성표(2026.02.27.),232,19,,
OFF0130,IND,산업공학전공,0,2026,2025학년도 이후 입학자 기준,major,0,3,3,1,전선,elective,0,0,0,,DA1019,CAE,CAE,0,3-1-2-0,3,1,2,0,2026학년도 교육과정 운영기준 및 편성표(2026.02.27.),232,20,,
OFF0131,IND,산업공학전공,0,2026,2025학년도 이후 입학자 기준,major,0,3,3,2,전선,elective,0,0,0,,DA1026,서비스디자인,서비스디자인,0,3-1-2-0,3,1,2,0,2026학년도 교육과정 운영기준 및 편성표(2026.02.27.),232,20,,
OFF0132,IND,산업공학전공,0,2026,2025학년도 이후 입학자 기준,major,0,4,4,1,전선,elective,0,0,0,,DA1027,종합설계1,종합설계1,1,2-0-2-0,2,0,2,0,2026학년도 교육과정 운영기준 및 편성표(2026.02.27.),232,22,,
OFF0133,IND,산업공학전공,0,2026,2025학년도 이후 입학자 기준,major,0,4,4,2,전선,elective,0,0,0,,DA1033,종합설계2,종합설계2,1,2-0-2-0,2,0,2,0,2026학년도 교육과정 운영기준 및 편성표(2026.02.27.),232,22,,
OFF0134,IND,산업공학전공,0,2026,2025학년도 이후 입학자 기준,major,0,4,4,1,전선,elective,0,0,0,,DA1028,품질경영,품질경영,0,3-3-0-0,3,3,0,0,2026학년도 교육과정 운영기준 및 편성표(2026.02.27.),232,23,,
OFF0135,IND,산업공학전공,0,2026,2025학년도 이후 입학자 기준,major,0,4,4,2,전선,elective,0,0,0,,DA1034,산업인공지능,산업인공지능,0,3-2-1-0,3,2,1,0,2026학년도 교육과정 운영기준 및 편성표(2026.02.27.),232,23,,
OFF0136,IND,산업공학전공,0,2026,2025학년도 이후 입학자 기준,major,0,4,4,1,전선,elective,0,0,0,,DA1030,가상융합콘텐츠,가상융합콘텐츠,0,3-2-1-0,3,2,1,0,2026학년도 교육과정 운영기준 및 편성표(2026.02.27.),232,24,,
OFF0137,IND,산업공학전공,0,2026,2025학년도 이후 입학자 기준,major,0,4,4,2,전선,elective,0,0,0,,DA1036,데이터기반의사결정,데이터기반의사결정,0,3-2-1-0,3,2,1,0,2026학년도 교육과정 운영기준 및 편성표(2026.02.27.),232,24,,
OFF0138,IND,산업공학전공,0,2026,2025학년도 이후 입학자 기준,major,0,4,4,1,전선,elective,0,0,0,,DA1031,딥러닝응용,딥러닝응용,0,3-2-1-0,3,2,1,0,2026학년도 교육과정 운영기준 및 편성표(2026.02.27.),232,25,,
OFF0139,IND,산업공학전공,0,2026,2025학년도 이후 입학자 기준,major,0,4,4,2,전선,elective,0,0,0,,DA1037,디지털물류공학,디지털물류공학,0,3-3-0-0,3,3,0,0,2026학년도 교육과정 운영기준 및 편성표(2026.02.27.),232,25,,
OFF0140,IND,산업공학전공,0,2026,2025학년도 이후 입학자 기준,major,0,4,4,1,전선,elective,0,0,0,,DA1032,생산정보시스템,생산정보시스템,0,3-3-0-0,3,3,0,0,2026학년도 교육과정 운영기준 및 편성표(2026.02.27.),232,26,,
OFF0141,IND,산업공학전공,0,2026,2025학년도 이후 입학자 기준,major,0,4,4,2,전선,elective,0,0,0,,DA1006,공학심리학,공학심리학,0,3-2-1-0,3,2,1,0,2026학년도 교육과정 운영기준 및 편성표(2026.02.27.),232,26,,
OFF0142,IND,산업공학전공,0,2026,2025학년도 이후 입학자 기준,major,0,4,4,1,전선,elective,0,0,0,,DA1035,감성품질공학,감성품질공학,0,3-3-0-0,3,3,0,0,2026학년도 교육과정 운영기준 및 편성표(2026.02.27.),232,27,,
OFF0143,MATHDATA,수리빅데이터전공,0,2026,2025학년도 이후 입학자 기준,general_common,0,1,1,1,교필(공통),required,1,0,1,교육과정표 필수,LA0299,글쓰기와발표,글쓰기와발표,0,2-2-0-0,2,2,0,0,2026학년도 교육과정 운영기준 및 편성표(2026.02.27.),253,2,,
OFF0144,MATHDATA,수리빅데이터전공,0,2026,2025학년도 이후 입학자 기준,general_common,0,1,1,2,교필(공통),required,1,0,1,교육과정표 필수,LA0365,글로벌커뮤니케이션,글로벌커뮤니케이션,0,3-3-0-0,3,3,0,0,2026학년도 교육과정 운영기준 및 편성표(2026.02.27.),253,2,,
OFF0145,MATHDATA,수리빅데이터전공,0,2026,2025학년도 이후 입학자 기준,general_common,0,1,1,2,교필(공통),required,1,0,1,교육과정표 필수,LA0366,디지털문해력,디지털문해력,0,3-3-0-0,3,3,0,0,2026학년도 교육과정 운영기준 및 편성표(2026.02.27.),253,3,,
OFF0146,MATHDATA,수리빅데이터전공,0,2026,2025학년도 이후 입학자 기준,academic_foundation_msc,1,1,1,1,교필(지정),required,1,0,1,교육과정표 필수,LA0500,대학수학1,대학수학1,0,3-3-0-0,3,3,0,0,2026학년도 교육과정 운영기준 및 편성표(2026.02.27.),253,4,,
OFF0147,MATHDATA,수리빅데이터전공,0,2026,2025학년도 이후 입학자 기준,academic_foundation_msc,1,1,1,2,교필(지정),required,1,0,1,교육과정표 필수,LA0505,대학수학2,대학수학2,0,3-3-0-0,3,3,0,0,2026학년도 교육과정 운영기준 및 편성표(2026.02.27.),253,4,,
OFF0148,MATHDATA,수리빅데이터전공,0,2026,2025학년도 이후 입학자 기준,academic_foundation_msc,1,1,1,1,교필(지정),required,1,0,1,교육과정표 필수,LA0515,확률및통계,확률및통계,0,3-3-0-0,3,3,0,0,2026학년도 교육과정 운영기준 및 편성표(2026.02.27.),253,5,,
OFF0149,MATHDATA,수리빅데이터전공,0,2026,2025학년도 이후 입학자 기준,academic_foundation_msc,1,1,1,1,교필(지정),required,1,0,1,교육과정표 필수,LA0516,컴퓨터프로그래밍언어,컴퓨터프로그래밍언어,0,3-3-0-0,3,3,0,0,2026학년도 교육과정 운영기준 및 편성표(2026.02.27.),253,6,,
OFF0150,MATHDATA,수리빅데이터전공,0,2026,2025학년도 이후 입학자 기준,academic_foundation_msc,1,2,2,2,교필(지정),required,1,0,1,교육과정표 필수,LA0518,고급프로그래밍언어,고급프로그래밍언어,0,3-2-1-0,3,2,1,0,2026학년도 교육과정 운영기준 및 편성표(2026.02.27.),253,8,,
OFF0151,MATHDATA,수리빅데이터전공,0,2026,2025학년도 이후 입학자 기준,major,0,0,전학년,1,전선,elective,0,0,0,,FP0001,지도교수상담,지도교수상담,0,0-0-0-0,0,0,0,0,2026학년도 교육과정 운영기준 및 편성표(2026.02.27.),256,2,,
OFF0152,MATHDATA,수리빅데이터전공,0,2026,2025학년도 이후 입학자 기준,major,0,0,전학년,2,전선,elective,0,0,0,,FP0001,지도교수상담,지도교수상담,0,0-0-0-0,0,0,0,0,2026학년도 교육과정 운영기준 및 편성표(2026.02.27.),256,2,,
OFF0153,MATHDATA,수리빅데이터전공,0,2026,2025학년도 이후 입학자 기준,major,0,1,1,2,전선 (공통),elective,0,0,0,,DA0002,빅데이터의세계,빅데이터의세계,0,3-3-0-0,3,3,0,0,2026학년도 교육과정 운영기준 및 편성표(2026.02.27.),256,3,,
OFF0154,MATHDATA,수리빅데이터전공,0,2026,2025학년도 이후 입학자 기준,major,0,2,2,1,전필,required,1,0,1,교육과정표 필수,DA2001,해석학,해석학,0,3-3-0-0,3,3,0,0,2026학년도 교육과정 운영기준 및 편성표(2026.02.27.),256,5,,
OFF0155,MATHDATA,수리빅데이터전공,0,2026,2025학년도 이후 입학자 기준,major,0,2,2,2,전필,required,1,0,1,교육과정표 필수,DA2006,R을이용한통계프로그래밍,R을이용한통계프로그래밍,0,3-3-0-0,3,3,0,0,2026학년도 교육과정 운영기준 및 편성표(2026.02.27.),256,5,,
OFF0156,MATHDATA,수리빅데이터전공,0,2026,2025학년도 이후 입학자 기준,major,0,2,2,1,전필,required,1,0,1,교육과정표 필수,DA2002,통계학개론,통계학개론,0,3-3-0-0,3,3,0,0,2026학년도 교육과정 운영기준 및 편성표(2026.02.27.),256,6,,
OFF0157,MATHDATA,수리빅데이터전공,0,2026,2025학년도 이후 입학자 기준,major,0,2,2,2,전필,required,1,0,1,교육과정표 필수,DA2007,고등미적분학,고등미적분학,0,3-3-0-0,3,3,0,0,2026학년도 교육과정 운영기준 및 편성표(2026.02.27.),256,6,,
OFF0158,MATHDATA,수리빅데이터전공,0,2026,2025학년도 이후 입학자 기준,major,0,2,2,1,전필,required,1,0,1,교육과정표 필수,DA2003,선형대수학,선형대수학,0,3-3-0-0,3,3,0,0,2026학년도 교육과정 운영기준 및 편성표(2026.02.27.),256,7,,
OFF0159,MATHDATA,수리빅데이터전공,0,2026,2025학년도 이후 입학자 기준,major,0,2,2,1,전필,required,1,0,1,교육과정표 필수,DA2004,집합론,집합론,0,3-3-0-0,3,3,0,0,2026학년도 교육과정 운영기준 및 편성표(2026.02.27.),256,8,,
OFF0160,MATHDATA,수리빅데이터전공,0,2026,2025학년도 이후 입학자 기준,major,0,2,2,1,전선,elective,0,0,0,,DA2005,Python을이용한통계프로그래밍,Python을이용한통계프로그래밍,0,3-3-0-0,3,3,0,0,2026학년도 교육과정 운영기준 및 편성표(2026.02.27.),256,9,,
OFF0161,MATHDATA,수리빅데이터전공,0,2026,2025학년도 이후 입학자 기준,major,0,2,2,2,전선,elective,0,0,0,,DA2008,미분방정식,미분방정식,0,3-3-0-0,3,3,0,0,2026학년도 교육과정 운영기준 및 편성표(2026.02.27.),256,9,,
OFF0162,MATHDATA,수리빅데이터전공,0,2026,2025학년도 이후 입학자 기준,major,0,2,2,2,전선,elective,0,0,0,,DA2009,범주형자료분석,범주형자료분석,0,3-3-0-0,3,3,0,0,2026학년도 교육과정 운영기준 및 편성표(2026.02.27.),256,10,,
OFF0163,MATHDATA,수리빅데이터전공,0,2026,2025학년도 이후 입학자 기준,major,0,2,2,2,전선,elective,0,0,0,,DA2010,정수론,정수론,0,3-3-0-0,3,3,0,0,2026학년도 교육과정 운영기준 및 편성표(2026.02.27.),256,11,,
OFF0164,MATHDATA,수리빅데이터전공,0,2026,2025학년도 이후 입학자 기준,major,0,3,3,1,전필,required,1,0,1,교육과정표 필수,DA2011,수치해석학1,수치해석학1,0,3-3-0-0,3,3,0,0,2026학년도 교육과정 운영기준 및 편성표(2026.02.27.),256,13,,
OFF0165,MATHDATA,수리빅데이터전공,0,2026,2025학년도 이후 입학자 기준,major,0,3,3,2,전필,required,1,0,1,교육과정표 필수,DA2017,데이터시각화,데이터시각화,0,3-2-1-0,3,2,1,0,2026학년도 교육과정 운영기준 및 편성표(2026.02.27.),256,13,,
OFF0166,MATHDATA,수리빅데이터전공,0,2026,2025학년도 이후 입학자 기준,major,0,3,3,1,전필,required,1,0,1,교육과정표 필수,DA2012,데이터보안,데이터보안,0,3-2-1-0,3,2,1,0,2026학년도 교육과정 운영기준 및 편성표(2026.02.27.),256,14,,
OFF0167,MATHDATA,수리빅데이터전공,0,2026,2025학년도 이후 입학자 기준,major,0,3,3,1,전선,elective,0,0,0,,DA2013,회귀분석,회귀분석,0,3-3-0-0,3,3,0,0,2026학년도 교육과정 운영기준 및 편성표(2026.02.27.),256,15,,
OFF0168,MATHDATA,수리빅데이터전공,0,2026,2025학년도 이후 입학자 기준,major,0,3,3,2,전선,elective,0,0,0,,DA2018,수치해석학2,수치해석학2,0,3-3-0-0,3,3,0,0,2026학년도 교육과정 운영기준 및 편성표(2026.02.27.),256,15,,
OFF0169,MATHDATA,수리빅데이터전공,0,2026,2025학년도 이후 입학자 기준,major,0,3,3,1,전선,elective,0,0,0,,DA2014,수리통계학,수리통계학,0,3-3-0-0,3,3,0,0,2026학년도 교육과정 운영기준 및 편성표(2026.02.27.),256,16,,
OFF0170,MATHDATA,수리빅데이터전공,0,2026,2025학년도 이후 입학자 기준,major,0,3,3,2,전선,elective,0,0,0,,DA2019,R을이용한기계학습,R을이용한기계학습,0,3-3-0-0,3,3,0,0,2026학년도 교육과정 운영기준 및 편성표(2026.02.27.),256,16,,
OFF0171,MATHDATA,수리빅데이터전공,0,2026,2025학년도 이후 입학자 기준,major,0,3,3,1,전선,elective,0,0,0,,DA2015,응용수학개론,응용수학개론,0,3-3-0-0,3,3,0,0,2026학년도 교육과정 운영기준 및 편성표(2026.02.27.),256,17,,
OFF0172,MATHDATA,수리빅데이터전공,0,2026,2025학년도 이후 입학자 기준,major,0,3,3,2,전선,elective,0,0,0,,DA2020,통계적학습,통계적학습,0,3-3-0-0,3,3,0,0,2026학년도 교육과정 운영기준 및 편성표(2026.02.27.),256,17,,
OFF0173,MATHDATA,수리빅데이터전공,0,2026,2025학년도 이후 입학자 기준,major,0,3,3,1,전선,elective,0,0,0,,DA2016,다변수해석학,다변수해석학,0,3-3-0-0,3,3,0,0,2026학년도 교육과정 운영기준 및 편성표(2026.02.27.),256,18,,
OFF0174,MATHDATA,수리빅데이터전공,0,2026,2025학년도 이후 입학자 기준,major,0,3,3,2,전선,elective,0,0,0,,DA2021,기초대수학,기초대수학,0,3-3-0-0,3,3,0,0,2026학년도 교육과정 운영기준 및 편성표(2026.02.27.),256,18,,
OFF0175,MATHDATA,수리빅데이터전공,0,2026,2025학년도 이후 입학자 기준,major,0,3,3,2,전선,elective,0,0,0,,DA2022,확률론,확률론,0,3-3-0-0,3,3,0,0,2026학년도 교육과정 운영기준 및 편성표(2026.02.27.),256,19,,
OFF0176,MATHDATA,수리빅데이터전공,0,2026,2025학년도 이후 입학자 기준,major,0,4,4,1,전선,elective,0,0,0,,DA2023,편미분방정식,편미분방정식,0,3-3-0-0,3,3,0,0,2026학년도 교육과정 운영기준 및 편성표(2026.02.27.),256,21,,
OFF0177,MATHDATA,수리빅데이터전공,0,2026,2025학년도 이후 입학자 기준,major,0,4,4,2,전선,elective,0,0,0,,DA2029,수리모델링,수리모델링,0,3-3-0-0,3,3,0,0,2026학년도 교육과정 운영기준 및 편성표(2026.02.27.),256,21,,
OFF0178,MATHDATA,수리빅데이터전공,0,2026,2025학년도 이후 입학자 기준,major,0,4,4,1,전선,elective,0,0,0,,DA2024,데이터분석 (CapstoneDesign),데이터분석(CapstoneDesign),0,3-0-3-0,3,0,3,0,2026학년도 교육과정 운영기준 및 편성표(2026.02.27.),256,22,공백 제거,NORMALIZED_NAME
OFF0179,MATHDATA,수리빅데이터전공,0,2026,2025학년도 이후 입학자 기준,major,0,4,4,2,전선,elective,0,0,0,,DA2030,심층기계학습이론및응용,심층기계학습이론및응용,0,3-3-0-0,3,3,0,0,2026학년도 교육과정 운영기준 및 편성표(2026.02.27.),256,22,,
OFF0180,MATHDATA,수리빅데이터전공,0,2026,2025학년도 이후 입학자 기준,major,0,4,4,1,전선,elective,0,0,0,,DA2025,웹프로그래밍,웹프로그래밍,0,3-0-3-0,3,0,3,0,2026학년도 교육과정 운영기준 및 편성표(2026.02.27.),256,23,,
OFF0181,MATHDATA,수리빅데이터전공,0,2026,2025학년도 이후 입학자 기준,major,0,4,4,2,전선,elective,0,0,0,,DA2031,시스템프로그래밍 (CapstoneDesign),시스템프로그래밍(CapstoneDesign),0,3-0-3-0,3,0,3,0,2026학년도 교육과정 운영기준 및 편성표(2026.02.27.),256,23,공백 제거,NORMALIZED_NAME
OFF0182,MATHDATA,수리빅데이터전공,0,2026,2025학년도 이후 입학자 기준,major,0,4,4,1,전선,elective,0,0,0,,DA2026,머신러닝,머신러닝,0,3-3-0-0,3,3,0,0,2026학년도 교육과정 운영기준 및 편성표(2026.02.27.),256,24,,
OFF0183,MATHDATA,수리빅데이터전공,0,2026,2025학년도 이후 입학자 기준,major,0,4,4,2,전선,elective,0,0,0,,DA2032,빅데이터마이닝,빅데이터마이닝,0,3-3-0-0,3,3,0,0,2026학년도 교육과정 운영기준 및 편성표(2026.02.27.),256,24,,
OFF0184,MATHDATA,수리빅데이터전공,0,2026,2025학년도 이후 입학자 기준,major,0,4,4,1,전선,elective,0,0,0,,DA2027,복소해석학개론,복소해석학개론,0,3-3-0-0,3,3,0,0,2026학년도 교육과정 운영기준 및 편성표(2026.02.27.),256,25,,
OFF0185,MATHDATA,수리빅데이터전공,0,2026,2025학년도 이후 입학자 기준,major,0,4,4,2,전선,elective,0,0,0,,DA2033,고급선형대수학,고급선형대수학,0,3-3-0-0,3,3,0,0,2026학년도 교육과정 운영기준 및 편성표(2026.02.27.),256,25,,
OFF0186,MATHDATA,수리빅데이터전공,0,2026,2025학년도 이후 입학자 기준,major,0,4,4,1,전선,elective,0,0,0,,DA2028,확률해석학,확률해석학,0,3-3-0-0,3,3,0,0,2026학년도 교육과정 운영기준 및 편성표(2026.02.27.),256,26,,
OFF0187,MATHDATA,수리빅데이터전공,0,2026,2025학년도 이후 입학자 기준,major,0,4,4,2,전선,elective,0,0,0,,DA2034,위상수학개론,위상수학개론,0,3-3-0-0,3,3,0,0,2026학년도 교육과정 운영기준 및 편성표(2026.02.27.),256,26,,
OFF0188,POLY,고분자공학전공,1,2026,2025학년도 이후 입학자 기준,general_common,0,1,1,1,교필(공통),required,1,0,1,교육과정표 필수,LA0299,글쓰기와발표,글쓰기와발표,0,2-2-0-0,2,2,0,0,2026학년도 교육과정 운영기준 및 편성표(2026.02.27.),271,2,,
OFF0189,POLY,고분자공학전공,1,2026,2025학년도 이후 입학자 기준,general_common,0,1,1,2,교필(공통),required,1,0,1,교육과정표 필수,LA0365,글로벌커뮤니케이션,글로벌커뮤니케이션,0,3-3-0-0,3,3,0,0,2026학년도 교육과정 운영기준 및 편성표(2026.02.27.),271,2,,
OFF0190,POLY,고분자공학전공,1,2026,2025학년도 이후 입학자 기준,general_common,0,1,1,1,교필(공통),required,1,0,1,교육과정표 필수,LA0366,디지털문해력,디지털문해력,0,3-3-0-0,3,3,0,0,2026학년도 교육과정 운영기준 및 편성표(2026.02.27.),271,3,,
OFF0191,POLY,고분자공학전공,1,2026,2025학년도 이후 입학자 기준,academic_foundation_msc,1,1,1,1,교필(지정),required,1,0,1,교육과정표 필수,LA0500,대학수학1,대학수학1,0,3-3-0-0,3,3,0,0,2026학년도 교육과정 운영기준 및 편성표(2026.02.27.),271,4,,
OFF0192,POLY,고분자공학전공,1,2026,2025학년도 이후 입학자 기준,academic_foundation_msc,1,1,1,2,교필(지정),required,1,0,1,교육과정표 필수,LA0505,대학수학2,대학수학2,0,3-3-0-0,3,3,0,0,2026학년도 교육과정 운영기준 및 편성표(2026.02.27.),271,4,,
OFF0193,POLY,고분자공학전공,1,2026,2025학년도 이후 입학자 기준,academic_foundation_msc,1,1,1,1,교필(지정),required,1,0,1,교육과정표 필수,LA0501,일반물리학1,일반물리학1,0,3-3-0-0,3,3,0,0,2026학년도 교육과정 운영기준 및 편성표(2026.02.27.),271,5,,
OFF0194,POLY,고분자공학전공,1,2026,2025학년도 이후 입학자 기준,academic_foundation_msc,1,1,1,2,교필(지정),required,1,0,1,교육과정표 필수,LA0506,일반물리학2,일반물리학2,0,3-3-0-0,3,3,0,0,2026학년도 교육과정 운영기준 및 편성표(2026.02.27.),271,5,,
OFF0195,POLY,고분자공학전공,1,2026,2025학년도 이후 입학자 기준,academic_foundation_msc,1,1,1,1,교필(지정),required,1,0,1,교육과정표 필수,LA0502,일반물리학실험1,일반물리학실험1,0,1-0-0-2,1,0,0,2,2026학년도 교육과정 운영기준 및 편성표(2026.02.27.),271,6,,
OFF0196,POLY,고분자공학전공,1,2026,2025학년도 이후 입학자 기준,academic_foundation_msc,1,1,1,2,교필(지정),required,1,0,1,교육과정표 필수,LA0507,일반물리학실험2,일반물리학실험2,0,1-0-0-2,1,0,0,2,2026학년도 교육과정 운영기준 및 편성표(2026.02.27.),271,6,,
OFF0197,POLY,고분자공학전공,1,2026,2025학년도 이후 입학자 기준,academic_foundation_msc,1,1,1,1,교필(지정),required,1,0,1,교육과정표 필수,LA0503,일반화학1,일반화학1,0,3-3-0-0,3,3,0,0,2026학년도 교육과정 운영기준 및 편성표(2026.02.27.),271,7,,
OFF0198,POLY,고분자공학전공,1,2026,2025학년도 이후 입학자 기준,academic_foundation_msc,1,1,1,2,교필(지정),required,1,0,1,교육과정표 필수,LA0508,일반화학2,일반화학2,0,3-3-0-0,3,3,0,0,2026학년도 교육과정 운영기준 및 편성표(2026.02.27.),271,7,,
OFF0199,POLY,고분자공학전공,1,2026,2025학년도 이후 입학자 기준,academic_foundation_msc,1,1,1,1,교필(지정),required,1,0,1,교육과정표 필수,LA0504,일반화학실험1,일반화학실험1,0,1-0-0-2,1,0,0,2,2026학년도 교육과정 운영기준 및 편성표(2026.02.27.),271,8,,
OFF0200,POLY,고분자공학전공,1,2026,2025학년도 이후 입학자 기준,academic_foundation_msc,1,1,1,2,교필(지정),required,1,0,1,교육과정표 필수,LA0509,일반화학실험2,일반화학실험2,0,1-0-0-2,1,0,0,2,2026학년도 교육과정 운영기준 및 편성표(2026.02.27.),271,8,,
OFF0201,POLY,고분자공학전공,1,2026,2025학년도 이후 입학자 기준,academic_foundation_msc,1,2,2,1,교필(지정),required,1,0,1,교육과정표 필수,LA0511,공학수학1,공학수학1,0,3-3-0-0,3,3,0,0,2026학년도 교육과정 운영기준 및 편성표(2026.02.27.),271,10,,
OFF0202,POLY,고분자공학전공,1,2026,2025학년도 이후 입학자 기준,academic_foundation_msc,1,2,2,2,교필(지정),required,1,0,1,교육과정표 필수,LA0512,공학수학2,공학수학2,0,3-3-0-0,3,3,0,0,2026학년도 교육과정 운영기준 및 편성표(2026.02.27.),271,10,,
OFF0203,POLY,고분자공학전공,1,2026,2025학년도 이후 입학자 기준,major,0,0,전학년,1,전선,elective,0,0,0,,FP0001,지도교수상담,지도교수상담,0,0-0-0-0,0,0,0,0,2026학년도 교육과정 운영기준 및 편성표(2026.02.27.),274,2,,
OFF0204,POLY,고분자공학전공,1,2026,2025학년도 이후 입학자 기준,major,0,0,전학년,2,전선,elective,0,0,0,,FP0001,지도교수상담,지도교수상담,0,0-0-0-0,0,0,0,0,2026학년도 교육과정 운영기준 및 편성표(2026.02.27.),274,2,,
OFF0205,POLY,고분자공학전공,1,2026,2025학년도 이후 입학자 기준,major,0,1,1,2,전필,required,1,1,1,교육과정표 필수; 공학교육인증 유지 전공의 창의입문설계 요건,EA0001,창의입문설계*,창의입문설계,1,3-0-3-0,3,0,3,0,2026학년도 교육과정 운영기준 및 편성표(2026.02.27.),274,3,원문 주석표시 * 제거,NORMALIZED_NAME
OFF0206,POLY,고분자공학전공,1,2026,2025학년도 이후 입학자 기준,major,0,2,2,1,전필,required,1,0,1,교육과정표 필수,EA1001,유기화학1*,유기화학1,0,3-3-0-0,3,3,0,0,2026학년도 교육과정 운영기준 및 편성표(2026.02.27.),274,5,원문 주석표시 * 제거,NORMALIZED_NAME
OFF0207,POLY,고분자공학전공,1,2026,2025학년도 이후 입학자 기준,major,0,2,2,2,전필,required,1,0,1,교육과정표 필수,EA1005,고분자공학개론1,고분자공학개론1,0,3-3-0-0,3,3,0,0,2026학년도 교육과정 운영기준 및 편성표(2026.02.27.),274,5,,
OFF0208,POLY,고분자공학전공,1,2026,2025학년도 이후 입학자 기준,major,0,2,2,1,전필,required,1,0,1,교육과정표 필수,EA1002,물리화학1*,물리화학1,0,3-3-0-0,3,3,0,0,2026학년도 교육과정 운영기준 및 편성표(2026.02.27.),274,6,원문 주석표시 * 제거,NORMALIZED_NAME
OFF0209,POLY,고분자공학전공,1,2026,2025학년도 이후 입학자 기준,major,0,2,2,2,전필,required,1,0,1,교육과정표 필수,EA1006,고분자기초실험,고분자기초실험,0,2-0-0-4,2,0,0,4,2026학년도 교육과정 운영기준 및 편성표(2026.02.27.),274,6,,
OFF0210,POLY,고분자공학전공,1,2026,2025학년도 이후 입학자 기준,major,0,2,2,1,전필,required,1,0,1,교육과정표 필수,EA1003,유기화학실험,유기화학실험,0,2-0-0-4,2,0,0,4,2026학년도 교육과정 운영기준 및 편성표(2026.02.27.),274,7,,
OFF0211,POLY,고분자공학전공,1,2026,2025학년도 이후 입학자 기준,major,0,2,2,2,전필,required,1,0,1,교육과정표 필수,EA1012,고분자기기분석1,고분자기기분석1,0,3-3-0-0,3,3,0,0,2026학년도 교육과정 운영기준 및 편성표(2026.02.27.),274,7,,
OFF0212,POLY,고분자공학전공,1,2026,2025학년도 이후 입학자 기준,major,0,2,2,1,전선,elective,0,0,0,,EA1004,재료과학개론*,재료과학개론,0,3-3-0-0,3,3,0,0,2026학년도 교육과정 운영기준 및 편성표(2026.02.27.),274,8,원문 주석표시 * 제거,NORMALIZED_NAME
OFF0213,POLY,고분자공학전공,1,2026,2025학년도 이후 입학자 기준,major,0,2,2,2,전선,elective,0,0,0,,EA1007,유기화학2,유기화학2,0,3-3-0-0,3,3,0,0,2026학년도 교육과정 운영기준 및 편성표(2026.02.27.),274,8,,
OFF0214,POLY,고분자공학전공,1,2026,2025학년도 이후 입학자 기준,major,0,2,2,2,전선,elective,0,0,0,,EA1008,물리화학2*,물리화학2,0,3-3-0-0,3,3,0,0,2026학년도 교육과정 운영기준 및 편성표(2026.02.27.),274,9,원문 주석표시 * 제거,NORMALIZED_NAME
OFF0215,POLY,고분자공학전공,1,2026,2025학년도 이후 입학자 기준,major,0,2,2,2,전선,elective,0,0,0,,EA1009,화공양론,화공양론,0,3-3-0-0,3,3,0,0,2026학년도 교육과정 운영기준 및 편성표(2026.02.27.),274,10,,
OFF0216,POLY,고분자공학전공,1,2026,2025학년도 이후 입학자 기준,major,0,3,3,1,전필,required,1,0,1,교육과정표 필수,EA1010,고분자합성1,고분자합성1,0,3-3-0-0,3,3,0,0,2026학년도 교육과정 운영기준 및 편성표(2026.02.27.),274,12,,
OFF0217,POLY,고분자공학전공,1,2026,2025학년도 이후 입학자 기준,major,0,3,3,2,전필,required,1,0,1,교육과정표 필수,EA1016,고분자기기분석실험*,고분자기기분석실험,0,2-0-0-4,2,0,0,4,2026학년도 교육과정 운영기준 및 편성표(2026.02.27.),274,12,원문 주석표시 * 제거,NORMALIZED_NAME
OFF0218,POLY,고분자공학전공,1,2026,2025학년도 이후 입학자 기준,major,0,3,3,1,전필,required,1,0,1,교육과정표 필수,EA1011,고분자물성1,고분자물성1,0,3-3-0-0,3,3,0,0,2026학년도 교육과정 운영기준 및 편성표(2026.02.27.),274,13,,
OFF0219,POLY,고분자공학전공,1,2026,2025학년도 이후 입학자 기준,major,0,3,3,1,전필,required,1,0,1,교육과정표 필수,EA1013,고분자합성실험,고분자합성실험,0,2-0-0-4,2,0,0,4,2026학년도 교육과정 운영기준 및 편성표(2026.02.27.),274,14,,
OFF0220,POLY,고분자공학전공,1,2026,2025학년도 이후 입학자 기준,major,0,3,3,1,전선,elective,0,0,0,,EA1014,고분자공학개론2*,고분자공학개론2,0,3-3-0-0,3,3,0,0,2026학년도 교육과정 운영기준 및 편성표(2026.02.27.),274,16,원문 주석표시 * 제거,NORMALIZED_NAME
OFF0221,POLY,고분자공학전공,1,2026,2025학년도 이후 입학자 기준,major,0,3,3,2,전선,elective,0,0,0,,EA1017,고분자합성2*,고분자합성2,0,3-3-0-0,3,3,0,0,2026학년도 교육과정 운영기준 및 편성표(2026.02.27.),274,16,원문 주석표시 * 제거,NORMALIZED_NAME
OFF0222,POLY,고분자공학전공,1,2026,2025학년도 이후 입학자 기준,major,0,3,3,1,전선,elective,0,0,0,,EA1015,유기정보소재,유기정보소재,0,3-3-0-0,3,3,0,0,2026학년도 교육과정 운영기준 및 편성표(2026.02.27.),274,17,,
OFF0223,POLY,고분자공학전공,1,2026,2025학년도 이후 입학자 기준,major,0,3,3,2,전선,elective,0,0,0,,EA1018,고분자물성2*,고분자물성2,0,3-3-0-0,3,3,0,0,2026학년도 교육과정 운영기준 및 편성표(2026.02.27.),274,17,원문 주석표시 * 제거,NORMALIZED_NAME
OFF0224,POLY,고분자공학전공,1,2026,2025학년도 이후 입학자 기준,major,0,3,3,1,전선,elective,0,0,0,,EA1019,고분자기기분석2*,고분자기기분석2,0,3-3-0-0,3,3,0,0,2026학년도 교육과정 운영기준 및 편성표(2026.02.27.),274,18,원문 주석표시 * 제거,NORMALIZED_NAME
OFF0225,POLY,고분자공학전공,1,2026,2025학년도 이후 입학자 기준,major,0,3,3,2,전선,elective,0,0,0,,EA1020,고분자분석설계*,고분자분석설계,1,3-0-3-0,3,0,3,0,2026학년도 교육과정 운영기준 및 편성표(2026.02.27.),274,18,원문 주석표시 * 제거,NORMALIZED_NAME
OFF0226,POLY,고분자공학전공,1,2026,2025학년도 이후 입학자 기준,major,0,3,3,1,전선,elective,0,0,0,,EA1035,고분자 콜로키움,고분자콜로키움,0,1-1-0-0,1,1,0,0,2026학년도 교육과정 운영기준 및 편성표(2026.02.27.),274,19,공백 제거,NORMALIZED_NAME
OFF0227,POLY,고분자공학전공,1,2026,2025학년도 이후 입학자 기준,major,0,3,3,2,전선,elective,0,0,0,,EA1021,화장품과고분자소재,화장품과고분자소재,0,3-3-0-0,3,3,0,0,2026학년도 교육과정 운영기준 및 편성표(2026.02.27.),274,19,,
OFF0228,POLY,고분자공학전공,1,2026,2025학년도 이후 입학자 기준,major,0,4,4,1,전필,required,1,0,1,교육과정표 필수,EA1022,고분자가공1,고분자가공1,0,3-3-0-0,3,3,0,0,2026학년도 교육과정 운영기준 및 편성표(2026.02.27.),274,21,,
OFF0229,POLY,고분자공학전공,1,2026,2025학년도 이후 입학자 기준,major,0,4,4,1,전필,required,1,0,1,교육과정표 필수,EA1023,고분자재료1,고분자재료1,0,3-3-0-0,3,3,0,0,2026학년도 교육과정 운영기준 및 편성표(2026.02.27.),274,22,,
OFF0230,POLY,고분자공학전공,1,2026,2025학년도 이후 입학자 기준,major,0,4,4,1,전선,elective,0,0,0,,EA1024,고분자캡스톤디자인*,고분자캡스톤디자인,0,3-0-3-0,3,0,3,0,2026학년도 교육과정 운영기준 및 편성표(2026.02.27.),274,23,원문 주석표시 * 제거,NORMALIZED_NAME
OFF0231,POLY,고분자공학전공,1,2026,2025학년도 이후 입학자 기준,major,0,4,4,2,전선,elective,0,0,0,,EA1029,고분자가공2,고분자가공2,0,3-3-0-0,3,3,0,0,2026학년도 교육과정 운영기준 및 편성표(2026.02.27.),274,23,,
OFF0232,POLY,고분자공학전공,1,2026,2025학년도 이후 입학자 기준,major,0,4,4,1,전선,elective,0,0,0,,EA1025,첨단의료용고분자,첨단의료용고분자,0,3-3-0-0,3,3,0,0,2026학년도 교육과정 운영기준 및 편성표(2026.02.27.),274,24,,
OFF0233,POLY,고분자공학전공,1,2026,2025학년도 이후 입학자 기준,major,0,4,4,2,전선,elective,0,0,0,,EA1030,고분자재료2,고분자재료2,0,3-3-0-0,3,3,0,0,2026학년도 교육과정 운영기준 및 편성표(2026.02.27.),274,24,,
OFF0234,POLY,고분자공학전공,1,2026,2025학년도 이후 입학자 기준,major,0,4,4,1,전선,elective,0,0,0,,EA1026,고분자복합재료,고분자복합재료,0,3-3-0-0,3,3,0,0,2026학년도 교육과정 운영기준 및 편성표(2026.02.27.),274,25,,
OFF0235,POLY,고분자공학전공,1,2026,2025학년도 이후 입학자 기준,major,0,4,4,2,전선,elective,0,0,0,,EA1031,공업화학,공업화학,0,3-3-0-0,3,3,0,0,2026학년도 교육과정 운영기준 및 편성표(2026.02.27.),274,25,,
OFF0236,POLY,고분자공학전공,1,2026,2025학년도 이후 입학자 기준,major,0,4,4,1,전선,elective,0,0,0,,EA1027,기능성고분자,기능성고분자,0,3-3-0-0,3,3,0,0,2026학년도 교육과정 운영기준 및 편성표(2026.02.27.),274,26,,
OFF0237,POLY,고분자공학전공,1,2026,2025학년도 이후 입학자 기준,major,0,4,4,2,전선,elective,0,0,0,,EA1032,고분자약물전달,고분자약물전달,0,3-3-0-0,3,3,0,0,2026학년도 교육과정 운영기준 및 편성표(2026.02.27.),274,26,,
OFF0238,POLY,고분자공학전공,1,2026,2025학년도 이후 입학자 기준,major,0,4,4,1,전선,elective,0,0,0,,EA1028,공학연구1*,공학연구1,0,2-2-0-0,2,2,0,0,2026학년도 교육과정 운영기준 및 편성표(2026.02.27.),274,27,원문 주석표시 * 제거,NORMALIZED_NAME
OFF0239,POLY,고분자공학전공,1,2026,2025학년도 이후 입학자 기준,major,0,4,4,2,전선,elective,0,0,0,,EA1033,공학연구2*,공학연구2,0,2-2-0-0,2,2,0,0,2026학년도 교육과정 운영기준 및 편성표(2026.02.27.),274,27,원문 주석표시 * 제거,NORMALIZED_NAME
OFF0240,POLY,고분자공학전공,1,2026,2025학년도 이후 입학자 기준,major,0,4,4,2,전선,elective,0,0,0,,EA1034,종합설계,종합설계,1,3-0-3-0,3,0,3,0,2026학년도 교육과정 운영기준 및 편성표(2026.02.27.),274,28,,
OFF0241,MSE,신소재공학전공,1,2026,2025학년도 이후 입학자 기준,general_common,0,1,1,1,교필(공통),required,1,0,1,교육과정표 필수,LA0299,글쓰기와발표,글쓰기와발표,0,2-2-0-0,2,2,0,0,2026학년도 교육과정 운영기준 및 편성표(2026.02.27.),291,2,,
OFF0242,MSE,신소재공학전공,1,2026,2025학년도 이후 입학자 기준,general_common,0,1,1,2,교필(공통),required,1,0,1,교육과정표 필수,LA0365,글로벌커뮤니케이션,글로벌커뮤니케이션,0,3-3-0-0,3,3,0,0,2026학년도 교육과정 운영기준 및 편성표(2026.02.27.),291,2,,
OFF0243,MSE,신소재공학전공,1,2026,2025학년도 이후 입학자 기준,general_common,0,1,1,1,교필(공통),required,1,0,1,교육과정표 필수,LA0366,디지털문해력,디지털문해력,0,3-3-0-0,3,3,0,0,2026학년도 교육과정 운영기준 및 편성표(2026.02.27.),291,3,,
OFF0244,MSE,신소재공학전공,1,2026,2025학년도 이후 입학자 기준,academic_foundation_msc,1,1,1,1,교필 (지정),required,1,0,1,교육과정표 필수,LA0500,대학수학1,대학수학1,0,3-3-0-0,3,3,0,0,2026학년도 교육과정 운영기준 및 편성표(2026.02.27.),292,2,,
OFF0245,MSE,신소재공학전공,1,2026,2025학년도 이후 입학자 기준,academic_foundation_msc,1,1,1,2,교필 (지정),required,1,0,1,교육과정표 필수,LA0505,대학수학2,대학수학2,0,3-3-0-0,3,3,0,0,2026학년도 교육과정 운영기준 및 편성표(2026.02.27.),292,2,,
OFF0246,MSE,신소재공학전공,1,2026,2025학년도 이후 입학자 기준,academic_foundation_msc,1,1,1,1,교필 (지정),required,1,0,1,교육과정표 필수,LA0501,일반물리학1,일반물리학1,0,3-3-0-0,3,3,0,0,2026학년도 교육과정 운영기준 및 편성표(2026.02.27.),292,3,,
OFF0247,MSE,신소재공학전공,1,2026,2025학년도 이후 입학자 기준,academic_foundation_msc,1,1,1,2,교필 (지정),required,1,0,1,교육과정표 필수,LA0506,일반물리학2,일반물리학2,0,3-3-0-0,3,3,0,0,2026학년도 교육과정 운영기준 및 편성표(2026.02.27.),292,3,,
OFF0248,MSE,신소재공학전공,1,2026,2025학년도 이후 입학자 기준,academic_foundation_msc,1,1,1,1,교필 (지정),required,1,0,1,교육과정표 필수,LA0502,일반물리학실험1,일반물리학실험1,0,1-0-0-2,1,0,0,2,2026학년도 교육과정 운영기준 및 편성표(2026.02.27.),292,4,,
OFF0249,MSE,신소재공학전공,1,2026,2025학년도 이후 입학자 기준,academic_foundation_msc,1,1,1,2,교필 (지정),required,1,0,1,교육과정표 필수,LA0507,일반물리학실험2,일반물리학실험2,0,1-0-0-2,1,0,0,2,2026학년도 교육과정 운영기준 및 편성표(2026.02.27.),292,4,,
OFF0250,MSE,신소재공학전공,1,2026,2025학년도 이후 입학자 기준,academic_foundation_msc,1,1,1,1,교필 (지정),required,1,0,1,교육과정표 필수,LA0503,일반화학1,일반화학1,0,3-3-0-0,3,3,0,0,2026학년도 교육과정 운영기준 및 편성표(2026.02.27.),292,5,,
OFF0251,MSE,신소재공학전공,1,2026,2025학년도 이후 입학자 기준,academic_foundation_msc,1,1,1,2,교필 (지정),required,1,0,1,교육과정표 필수,LA0508,일반화학2,일반화학2,0,3-3-0-0,3,3,0,0,2026학년도 교육과정 운영기준 및 편성표(2026.02.27.),292,5,,
OFF0252,MSE,신소재공학전공,1,2026,2025학년도 이후 입학자 기준,academic_foundation_msc,1,1,1,1,교필 (지정),required,1,0,1,교육과정표 필수,LA0504,일반화학실험1,일반화학실험1,0,1-0-0-2,1,0,0,2,2026학년도 교육과정 운영기준 및 편성표(2026.02.27.),292,6,,
OFF0253,MSE,신소재공학전공,1,2026,2025학년도 이후 입학자 기준,academic_foundation_msc,1,1,1,2,교필 (지정),required,1,0,1,교육과정표 필수,LA0509,일반화학실험2,일반화학실험2,0,1-0-0-2,1,0,0,2,2026학년도 교육과정 운영기준 및 편성표(2026.02.27.),292,6,,
OFF0254,MSE,신소재공학전공,1,2026,2025학년도 이후 입학자 기준,academic_foundation_msc,1,2,2,1,교필 (지정),required,1,0,1,교육과정표 필수,LA0511,공학수학1,공학수학1,0,3-3-0-0,3,3,0,0,2026학년도 교육과정 운영기준 및 편성표(2026.02.27.),292,8,,
OFF0255,MSE,신소재공학전공,1,2026,2025학년도 이후 입학자 기준,academic_foundation_msc,1,2,2,2,교필 (지정),required,1,0,1,교육과정표 필수,LA0512,공학수학2,공학수학2,0,3-3-0-0,3,3,0,0,2026학년도 교육과정 운영기준 및 편성표(2026.02.27.),292,8,,
OFF0256,MSE,신소재공학전공,1,2026,2025학년도 이후 입학자 기준,major,0,0,전학년,1,전선,elective,0,0,0,,FP0001,지도교수상담,지도교수상담,0,0-0-0-0,0,0,0,0,2026학년도 교육과정 운영기준 및 편성표(2026.02.27.),299,2,,
OFF0257,MSE,신소재공학전공,1,2026,2025학년도 이후 입학자 기준,major,0,0,전학년,2,전선,elective,0,0,0,,FP0001,지도교수상담,지도교수상담,0,0-0-0-0,0,0,0,0,2026학년도 교육과정 운영기준 및 편성표(2026.02.27.),299,2,,
OFF0258,MSE,신소재공학전공,1,2026,2025학년도 이후 입학자 기준,major,0,1,1,2,전필,required,1,1,1,교육과정표 필수; 공학교육인증 유지 전공의 창의입문설계 요건,EA0001,창의입문설계,창의입문설계,1,3-0-3-0,3,0,3,0,2026학년도 교육과정 운영기준 및 편성표(2026.02.27.),299,3,,
OFF0259,MSE,신소재공학전공,1,2026,2025학년도 이후 입학자 기준,major,0,2,2,1,전필,required,1,0,1,교육과정표 필수,EA2003,재료과학1,재료과학1,0,3-3-0-0,3,3,0,0,2026학년도 교육과정 운영기준 및 편성표(2026.02.27.),299,5,,
OFF0260,MSE,신소재공학전공,1,2026,2025학년도 이후 입학자 기준,major,0,2,2,2,전필,required,1,0,1,교육과정표 필수,EA2007,재료과학2,재료과학2,0,3-3-0-0,3,3,0,0,2026학년도 교육과정 운영기준 및 편성표(2026.02.27.),299,5,,
OFF0261,MSE,신소재공학전공,1,2026,2025학년도 이후 입학자 기준,major,0,2,2,1,전필,required,1,0,1,교육과정표 필수,EA2004,현미경조직특성평가,현미경조직특성평가,0,3-1-1-2,3,1,1,2,2026학년도 교육과정 운영기준 및 편성표(2026.02.27.),299,6,,
OFF0262,MSE,신소재공학전공,1,2026,2025학년도 이후 입학자 기준,major,0,2,2,2,전필,required,1,0,1,교육과정표 필수,EA2008,화학적특성평가,화학적특성평가,0,3-1-1-2,3,1,1,2,2026학년도 교육과정 운영기준 및 편성표(2026.02.27.),299,6,,
OFF0263,MSE,신소재공학전공,1,2026,2025학년도 이후 입학자 기준,major,0,2,2,1,전필,required,1,0,1,교육과정표 필수,EA2005,기계적특성평가,기계적특성평가,0,3-1-0-4,3,1,0,4,2026학년도 교육과정 운영기준 및 편성표(2026.02.27.),299,7,,
OFF0264,MSE,신소재공학전공,1,2026,2025학년도 이후 입학자 기준,major,0,2,2,2,전필,required,1,0,1,교육과정표 필수,EA2009,전자기적특성평가,전자기적특성평가,0,3-1-0-4,3,1,0,4,2026학년도 교육과정 운영기준 및 편성표(2026.02.27.),299,7,,
OFF0265,MSE,신소재공학전공,1,2026,2025학년도 이후 입학자 기준,major,0,2,2,1,전필,required,1,0,1,교육과정표 필수,EA2025,재료열역학1,재료열역학1,0,3-3-0-0,3,3,0,0,2026학년도 교육과정 운영기준 및 편성표(2026.02.27.),299,8,,
OFF0266,MSE,신소재공학전공,1,2026,2025학년도 이후 입학자 기준,major,0,2,2,2,전필,required,1,0,1,교육과정표 필수,EA2026,재료열역학2,재료열역학2,0,3-3-0-0,3,3,0,0,2026학년도 교육과정 운영기준 및 편성표(2026.02.27.),299,8,,
OFF0267,MSE,신소재공학전공,1,2026,2025학년도 이후 입학자 기준,major,0,2,2,1,전선,elective,0,0,0,,EA2011,전기전자공학,전기전자공학,0,3-3-0-0,3,3,0,0,2026학년도 교육과정 운영기준 및 편성표(2026.02.27.),299,9,,
OFF0268,MSE,신소재공학전공,1,2026,2025학년도 이후 입학자 기준,major,0,2,2,2,전선,elective,0,0,0,,EA2012,재료조직학,재료조직학,0,3-3-0-0,3,3,0,0,2026학년도 교육과정 운영기준 및 편성표(2026.02.27.),299,9,,
OFF0269,MSE,신소재공학전공,1,2026,2025학년도 이후 입학자 기준,major,0,3,3,1,전선,elective,0,0,0,,EA2027,소재제조공정설계,소재제조공정설계,1,3-1-2-0,3,1,2,0,2026학년도 교육과정 운영기준 및 편성표(2026.02.27.),299,11,,
OFF0270,MSE,신소재공학전공,1,2026,2025학년도 이후 입학자 기준,major,0,3,3,2,전선,elective,0,0,0,,EA2040,소재분석평가설계,소재분석평가설계,1,3-1-2-0,3,1,2,0,2026학년도 교육과정 운영기준 및 편성표(2026.02.27.),299,11,,
OFF0271,MSE,신소재공학전공,1,2026,2025학년도 이후 입학자 기준,major,0,3,3,1,전선,elective,0,0,0,,EA2028,에너지재료설계,에너지재료설계,1,3-1-2-0,3,1,2,0,2026학년도 교육과정 운영기준 및 편성표(2026.02.27.),299,12,,
OFF0272,MSE,신소재공학전공,1,2026,2025학년도 이후 입학자 기준,major,0,3,3,2,전선,elective,0,0,0,,EA2041,X-선공학및설계,X-선공학및설계,1,3-1-2-0,3,1,2,0,2026학년도 교육과정 운영기준 및 편성표(2026.02.27.),299,12,,
OFF0273,MSE,신소재공학전공,1,2026,2025학년도 이후 입학자 기준,major,0,3,3,1,전선,elective,0,0,0,,EA2029,재료상변태,재료상변태,0,3-3-0-0,3,3,0,0,2026학년도 교육과정 운영기준 및 편성표(2026.02.27.),299,13,,
OFF0274,MSE,신소재공학전공,1,2026,2025학년도 이후 입학자 기준,major,0,3,3,2,전선,elective,0,0,0,,EA2042,전자재료2,전자재료2,0,3-3-0-0,3,3,0,0,2026학년도 교육과정 운영기준 및 편성표(2026.02.27.),299,13,,
OFF0275,MSE,신소재공학전공,1,2026,2025학년도 이후 입학자 기준,major,0,3,3,1,전선,elective,0,0,0,,EA2030,전자재료1,전자재료1,0,3-3-0-0,3,3,0,0,2026학년도 교육과정 운영기준 및 편성표(2026.02.27.),299,14,,
OFF0276,MSE,신소재공학전공,1,2026,2025학년도 이후 입학자 기준,major,0,3,3,2,전선,elective,0,0,0,,EA2043,재료강도학,재료강도학,0,3-3-0-0,3,3,0,0,2026학년도 교육과정 운영기준 및 편성표(2026.02.27.),299,14,,
OFF0277,MSE,신소재공학전공,1,2026,2025학년도 이후 입학자 기준,major,0,3,3,1,전선,elective,0,0,0,,EA2031,결정학개론,결정학개론,0,3-3-0-0,3,3,0,0,2026학년도 교육과정 운영기준 및 편성표(2026.02.27.),299,15,,
OFF0278,MSE,신소재공학전공,1,2026,2025학년도 이후 입학자 기준,major,0,3,3,2,전선,elective,0,0,0,,EA2044,비철금속재료,비철금속재료,0,3-3-0-0,3,3,0,0,2026학년도 교육과정 운영기준 및 편성표(2026.02.27.),299,15,,
OFF0279,MSE,신소재공학전공,1,2026,2025학년도 이후 입학자 기준,major,0,3,3,1,전선,elective,0,0,0,,EA2032,철강재료,철강재료,0,3-3-0-0,3,3,0,0,2026학년도 교육과정 운영기준 및 편성표(2026.02.27.),299,16,,
OFF0280,MSE,신소재공학전공,1,2026,2025학년도 이후 입학자 기준,major,0,3,3,2,전선,elective,0,0,0,,EA2045,재료전산학,재료전산학,0,3-3-0-0,3,3,0,0,2026학년도 교육과정 운영기준 및 편성표(2026.02.27.),299,16,,
OFF0281,MSE,신소재공학전공,1,2026,2025학년도 이후 입학자 기준,major,0,3,3,1,전선,elective,0,0,0,,EA2034,재료전기화학,재료전기화학,0,3-3-0-0,3,3,0,0,2026학년도 교육과정 운영기준 및 편성표(2026.02.27.),299,17,,
OFF0282,MSE,신소재공학전공,1,2026,2025학년도 이후 입학자 기준,major,0,3,3,2,전선,elective,0,0,0,,EA2046,제련공학,제련공학,0,3-3-0-0,3,3,0,0,2026학년도 교육과정 운영기준 및 편성표(2026.02.27.),299,17,,
OFF0283,MSE,신소재공학전공,1,2026,2025학년도 이후 입학자 기준,major,0,3,3,1,전선,elective,0,0,0,,EA2035,세라믹공정,세라믹공정,0,3-3-0-0,3,3,0,0,2026학년도 교육과정 운영기준 및 편성표(2026.02.27.),299,18,,
OFF0284,MSE,신소재공학전공,1,2026,2025학년도 이후 입학자 기준,major,0,3,3,2,전선,elective,0,0,0,,EA2070,세라믹물성2,세라믹물성2,0,3-3-0-0,3,3,0,0,2026학년도 교육과정 운영기준 및 편성표(2026.02.27.),299,18,,
OFF0285,MSE,신소재공학전공,1,2026,2025학년도 이후 입학자 기준,major,0,3,3,1,전선,elective,0,0,0,,EA2036,유기재료개론,유기재료개론,0,3-3-0-0,3,3,0,0,2026학년도 교육과정 운영기준 및 편성표(2026.02.27.),299,19,,
OFF0286,MSE,신소재공학전공,1,2026,2025학년도 이후 입학자 기준,major,0,3,3,2,전선,elective,0,0,0,,EA2048,그린에너지공학,그린에너지공학,0,3-3-0-0,3,3,0,0,2026학년도 교육과정 운영기준 및 편성표(2026.02.27.),299,19,,
OFF0287,MSE,신소재공학전공,1,2026,2025학년도 이후 입학자 기준,major,0,3,3,1,전선,elective,0,0,0,,EA2037,금속재료실무1,금속재료실무1,0,3-3-0-0,3,3,0,0,2026학년도 교육과정 운영기준 및 편성표(2026.02.27.),299,20,,
OFF0288,MSE,신소재공학전공,1,2026,2025학년도 이후 입학자 기준,major,0,3,3,2,전선,elective,0,0,0,,EA2049,유기재료물성,유기재료물성,0,3-3-0-0,3,3,0,0,2026학년도 교육과정 운영기준 및 편성표(2026.02.27.),299,20,,
OFF0289,MSE,신소재공학전공,1,2026,2025학년도 이후 입학자 기준,major,0,3,3,1,전선,elective,0,0,0,,EA2038,재료안전실무,재료안전실무,0,3-3-0-0,3,3,0,0,2026학년도 교육과정 운영기준 및 편성표(2026.02.27.),299,21,,
OFF0290,MSE,신소재공학전공,1,2026,2025학년도 이후 입학자 기준,major,0,3,3,2,전선,elective,0,0,0,,EA2050,반도체소자,반도체소자,0,3-3-0-0,3,3,0,0,2026학년도 교육과정 운영기준 및 편성표(2026.02.27.),299,21,,
OFF0291,MSE,신소재공학전공,1,2026,2025학년도 이후 입학자 기준,major,0,3,3,1,전선,elective,0,0,0,,EA2047,세라믹물성1,세라믹물성1,0,3-3-0-0,3,3,0,0,2026학년도 교육과정 운영기준 및 편성표(2026.02.27.),299,22,,
OFF0292,MSE,신소재공학전공,1,2026,2025학년도 이후 입학자 기준,major,0,3,3,2,전선,elective,0,0,0,,EA2071,재료공학양론,재료공학양론,0,3-3-0-0,3,3,0,0,2026학년도 교육과정 운영기준 및 편성표(2026.02.27.),299,22,,
OFF0293,MSE,신소재공학전공,1,2026,2025학년도 이후 입학자 기준,major,0,3,3,1,전선,elective,0,0,0,,EA2074,재료분석법,재료분석법,0,3-3-0-0,3,3,0,0,2026학년도 교육과정 운영기준 및 편성표(2026.02.27.),299,23,,
OFF0294,MSE,신소재공학전공,1,2026,2025학년도 이후 입학자 기준,major,0,3,3,2,전선,elective,0,0,0,,EA2057,박막공학,박막공학,0,3-3-0-0,3,3,0,0,2026학년도 교육과정 운영기준 및 편성표(2026.02.27.),299,23,,
OFF0295,MSE,신소재공학전공,1,2026,2025학년도 이후 입학자 기준,major,0,3,3,1,전선,elective,0,0,0,,EA2076,재료역학,재료역학,0,3-3-0-0,3,3,0,0,2026학년도 교육과정 운영기준 및 편성표(2026.02.27.),299,24,,
OFF0296,MSE,신소재공학전공,1,2026,2025학년도 이후 입학자 기준,major,0,3,3,2,전선,elective,0,0,0,,EA2073,기능성유리,기능성유리,0,3-3-0-0,3,3,0,0,2026학년도 교육과정 운영기준 및 편성표(2026.02.27.),299,24,,
OFF0297,MSE,신소재공학전공,1,2026,2025학년도 이후 입학자 기준,major,0,4,4,1,전선,elective,0,0,0,,EA2039,*종합설계1,종합설계1,1,2-0-2-0,2,0,2,0,2026학년도 교육과정 운영기준 및 편성표(2026.02.27.),299,26,원문 주석표시 * 제거,NORMALIZED_NAME
OFF0298,MSE,신소재공학전공,1,2026,2025학년도 이후 입학자 기준,major,0,4,4,2,전선,elective,0,0,0,,EA2051,*종합설계2,종합설계2,1,2-0-2-0,2,0,2,0,2026학년도 교육과정 운영기준 및 편성표(2026.02.27.),299,26,원문 주석표시 * 제거,NORMALIZED_NAME
OFF0299,MSE,신소재공학전공,1,2026,2025학년도 이후 입학자 기준,major,0,4,4,1,전선,elective,0,0,0,,EA2052,재료가공학,재료가공학,0,3-3-0-0,3,3,0,0,2026학년도 교육과정 운영기준 및 편성표(2026.02.27.),299,27,,
OFF0300,MSE,신소재공학전공,1,2026,2025학년도 이후 입학자 기준,major,0,4,4,2,전선,elective,0,0,0,,EA2060,전자현미경학및실습,전자현미경학및실습,0,3-2-0-2,3,2,0,2,2026학년도 교육과정 운영기준 및 편성표(2026.02.27.),299,27,,
OFF0301,MSE,신소재공학전공,1,2026,2025학년도 이후 입학자 기준,major,0,4,4,1,전선,elective,0,0,0,,EA2064,전자세라믹스,전자세라믹스,0,3-3-0-0,3,3,0,0,2026학년도 교육과정 운영기준 및 편성표(2026.02.27.),299,28,,
OFF0302,MSE,신소재공학전공,1,2026,2025학년도 이후 입학자 기준,major,0,4,4,2,전선,elective,0,0,0,,EA2061,기능금속재료,기능금속재료,0,3-3-0-0,3,3,0,0,2026학년도 교육과정 운영기준 및 편성표(2026.02.27.),299,28,,
OFF0303,MSE,신소재공학전공,1,2026,2025학년도 이후 입학자 기준,major,0,4,4,1,전선,elective,0,0,0,,EA2054,이차전지재료,이차전지재료,0,3-3-0-0,3,3,0,0,2026학년도 교육과정 운영기준 및 편성표(2026.02.27.),299,29,,
OFF0304,MSE,신소재공학전공,1,2026,2025학년도 이후 입학자 기준,major,0,4,4,2,전선,elective,0,0,0,,EA2062,표면처리공학,표면처리공학,0,3-3-0-0,3,3,0,0,2026학년도 교육과정 운영기준 및 편성표(2026.02.27.),299,29,,
OFF0305,MSE,신소재공학전공,1,2026,2025학년도 이후 입학자 기준,major,0,4,4,1,전선,elective,0,0,0,,EA2055,정보디스플레이공학,정보디스플레이공학,0,3-3-0-0,3,3,0,0,2026학년도 교육과정 운영기준 및 편성표(2026.02.27.),299,30,,
OFF0306,MSE,신소재공학전공,1,2026,2025학년도 이후 입학자 기준,major,0,4,4,2,전선,elective,0,0,0,,EA2063,광전자재료,광전자재료,0,3-3-0-0,3,3,0,0,2026학년도 교육과정 운영기준 및 편성표(2026.02.27.),299,30,,
OFF0307,MSE,신소재공학전공,1,2026,2025학년도 이후 입학자 기준,major,0,4,4,1,전선,elective,0,0,0,,EA2056,반도체공정,반도체공정,0,3-3-0-0,3,3,0,0,2026학년도 교육과정 운영기준 및 편성표(2026.02.27.),299,31,,
OFF0308,MSE,신소재공학전공,1,2026,2025학년도 이후 입학자 기준,major,0,4,4,2,전선,elective,0,0,0,,EA2053,구조세라믹스,구조세라믹스,0,3-3-0-0,3,3,0,0,2026학년도 교육과정 운영기준 및 편성표(2026.02.27.),299,31,,
OFF0309,MSE,신소재공학전공,1,2026,2025학년도 이후 입학자 기준,major,0,4,4,1,전선,elective,0,0,0,,EA2058,금속재료실무2,금속재료실무2,0,3-3-0-0,3,3,0,0,2026학년도 교육과정 운영기준 및 편성표(2026.02.27.),299,32,,
OFF0310,MSE,신소재공학전공,1,2026,2025학년도 이후 입학자 기준,major,0,4,4,2,전선,elective,0,0,0,,EA2066,나노전자재료응용,나노전자재료응용,0,3-3-0-0,3,3,0,0,2026학년도 교육과정 운영기준 및 편성표(2026.02.27.),299,32,,
OFF0311,MSE,신소재공학전공,1,2026,2025학년도 이후 입학자 기준,major,0,4,4,1,전선,elective,0,0,0,,EA2059,재료의파괴와손상,재료의파괴와손상,0,2-2-0-0,2,2,0,0,2026학년도 교육과정 운영기준 및 편성표(2026.02.27.),299,33,,
OFF0312,MSE,신소재공학전공,1,2026,2025학년도 이후 입학자 기준,major,0,4,4,1,전선,elective,0,0,0,,EA2033,탄소복합재료,탄소복합재료,0,3-3-0-0,3,3,0,0,2026학년도 교육과정 운영기준 및 편성표(2026.02.27.),299,34,,
OFF0313,MSE,신소재공학전공,1,2026,2025학년도 이후 입학자 기준,major,0,4,4,1,전선,elective,0,0,0,,EA2075,유기재료응용,유기재료응용,0,3-3-0-0,3,3,0,0,2026학년도 교육과정 운영기준 및 편성표(2026.02.27.),299,35,,
OFF0314,MATDES,소재디자인공학전공,1,2026,2025학년도 이후 입학자 기준,general_common,0,1,1,1,교필 (공통),required,1,0,1,교육과정표 필수,LA0299,글쓰기와발표,글쓰기와발표,0,2-2-0-0,2,2,0,0,2026학년도 교육과정 운영기준 및 편성표(2026.02.27.),459,2,,
OFF0315,MATDES,소재디자인공학전공,1,2026,2025학년도 이후 입학자 기준,general_common,0,1,1,2,교필 (공통),required,1,0,1,교육과정표 필수,LA0365,글로벌커뮤니케이션,글로벌커뮤니케이션,0,3-3-0-0,3,3,0,0,2026학년도 교육과정 운영기준 및 편성표(2026.02.27.),459,2,,
OFF0316,MATDES,소재디자인공학전공,1,2026,2025학년도 이후 입학자 기준,general_common,0,1,1,1,교필 (공통),required,1,0,1,교육과정표 필수,LA0366,디지털문해력,디지털문해력,0,3-3-0-0,3,3,0,0,2026학년도 교육과정 운영기준 및 편성표(2026.02.27.),459,3,,
OFF0317,MATDES,소재디자인공학전공,1,2026,2025학년도 이후 입학자 기준,academic_foundation_msc,1,1,1,1,교필 (지정),required,1,0,1,교육과정표 필수,LA0500,대학수학1,대학수학1,0,3-3-0-0,3,3,0,0,2026학년도 교육과정 운영기준 및 편성표(2026.02.27.),460,2,,
OFF0318,MATDES,소재디자인공학전공,1,2026,2025학년도 이후 입학자 기준,academic_foundation_msc,1,1,1,2,교필 (지정),required,1,0,1,교육과정표 필수,LA0505,대학수학2,대학수학2,0,3-3-0-0,3,3,0,0,2026학년도 교육과정 운영기준 및 편성표(2026.02.27.),460,2,,
OFF0319,MATDES,소재디자인공학전공,1,2026,2025학년도 이후 입학자 기준,academic_foundation_msc,1,1,1,1,교필 (지정),required,1,0,1,교육과정표 필수,LA0501,일반물리학1,일반물리학1,0,3-3-0-0,3,3,0,0,2026학년도 교육과정 운영기준 및 편성표(2026.02.27.),460,3,,
OFF0320,MATDES,소재디자인공학전공,1,2026,2025학년도 이후 입학자 기준,academic_foundation_msc,1,1,1,2,교필 (지정),required,1,0,1,교육과정표 필수,LA0506,일반물리학2,일반물리학2,0,3-3-0-0,3,3,0,0,2026학년도 교육과정 운영기준 및 편성표(2026.02.27.),460,3,,
OFF0321,MATDES,소재디자인공학전공,1,2026,2025학년도 이후 입학자 기준,academic_foundation_msc,1,1,1,1,교필 (지정),required,1,0,1,교육과정표 필수,LA0502,일반물리학실험,일반물리학실험1,0,1-0-0-2,1,0,0,2,2026학년도 교육과정 운영기준 및 편성표(2026.02.27.),460,4,LA0502 코드에 따라 일반물리학실험1로 정규화,NORMALIZED_NAME
OFF0322,MATDES,소재디자인공학전공,1,2026,2025학년도 이후 입학자 기준,academic_foundation_msc,1,1,1,2,교필 (지정),required,1,0,1,교육과정표 필수,LA0507,일반물리학실험2,일반물리학실험2,0,1-0-0-2,1,0,0,2,2026학년도 교육과정 운영기준 및 편성표(2026.02.27.),460,4,,
OFF0323,MATDES,소재디자인공학전공,1,2026,2025학년도 이후 입학자 기준,academic_foundation_msc,1,1,1,1,교필 (지정),required,1,0,1,교육과정표 필수,LA0503,일반화학1,일반화학1,0,3-3-0-0,3,3,0,0,2026학년도 교육과정 운영기준 및 편성표(2026.02.27.),460,5,,
OFF0324,MATDES,소재디자인공학전공,1,2026,2025학년도 이후 입학자 기준,academic_foundation_msc,1,1,1,2,교필 (지정),required,1,0,1,교육과정표 필수,LA0508,일반화학2,일반화학2,0,3-3-0-0,3,3,0,0,2026학년도 교육과정 운영기준 및 편성표(2026.02.27.),460,5,,
OFF0325,MATDES,소재디자인공학전공,1,2026,2025학년도 이후 입학자 기준,academic_foundation_msc,1,1,1,1,교필 (지정),required,1,0,1,교육과정표 필수,LA0504,일반화학실험1,일반화학실험1,0,1-0-0-2,1,0,0,2,2026학년도 교육과정 운영기준 및 편성표(2026.02.27.),460,6,,
OFF0326,MATDES,소재디자인공학전공,1,2026,2025학년도 이후 입학자 기준,academic_foundation_msc,1,1,1,2,교필 (지정),required,1,0,1,교육과정표 필수,LA0509,일반화학실험2,일반화학실험2,0,1-0-0-2,1,0,0,2,2026학년도 교육과정 운영기준 및 편성표(2026.02.27.),460,6,,
OFF0327,MATDES,소재디자인공학전공,1,2026,2025학년도 이후 입학자 기준,academic_foundation_msc,1,2,2,1,교필 (지정),required,1,0,1,교육과정표 필수,LA0515,확률및통계,확률및통계,0,3-3-0-0,3,3,0,0,2026학년도 교육과정 운영기준 및 편성표(2026.02.27.),460,8,,
OFF0328,MATDES,소재디자인공학전공,1,2026,2025학년도 이후 입학자 기준,academic_foundation_msc,1,2,2,2,교필 (지정),required,1,0,1,교육과정표 필수,LA0518,고급프로그래밍언어,고급프로그래밍언어,0,3-2-1-0,3,2,1,0,2026학년도 교육과정 운영기준 및 편성표(2026.02.27.),460,8,,
OFF0329,MATDES,소재디자인공학전공,1,2026,2025학년도 이후 입학자 기준,major,0,0,전학년,1,전선,elective,0,0,0,,FP0001,지도교수상담,지도교수상담,0,0-0-0-0,0,0,0,0,2026학년도 교육과정 운영기준 및 편성표(2026.02.27.),470,2,,
OFF0330,MATDES,소재디자인공학전공,1,2026,2025학년도 이후 입학자 기준,major,0,0,전학년,2,전선,elective,0,0,0,,FP0001,지도교수상담,지도교수상담,0,0-0-0-0,0,0,0,0,2026학년도 교육과정 운영기준 및 편성표(2026.02.27.),470,2,,
OFF0331,MATDES,소재디자인공학전공,1,2026,2025학년도 이후 입학자 기준,major,0,1,1,2,전선,elective,0,1,1,공학교육인증 유지 전공의 창의입문설계 요건,HA0001,*창의입문설계,창의입문설계,1,3-0-3-0,3,0,3,0,2026학년도 교육과정 운영기준 및 편성표(2026.02.27.),470,3,원문 주석표시 * 제거,NORMALIZED_NAME
OFF0332,MATDES,소재디자인공학전공,1,2026,2025학년도 이후 입학자 기준,major,0,2,2,1,전필,required,1,0,1,교육과정표 필수,HA1001,*고분자재료학,고분자재료학,0,3-3-0-0,3,3,0,0,2026학년도 교육과정 운영기준 및 편성표(2026.02.27.),470,5,원문 주석표시 * 제거,NORMALIZED_NAME
OFF0333,MATDES,소재디자인공학전공,1,2026,2025학년도 이후 입학자 기준,major,0,2,2,2,전필,required,1,0,1,교육과정표 필수,HA1019,*텍스타일재료학,텍스타일재료학,0,3-3-0-0,3,3,0,0,2026학년도 교육과정 운영기준 및 편성표(2026.02.27.),470,5,원문 주석표시 * 제거,NORMALIZED_NAME
OFF0334,MATDES,소재디자인공학전공,1,2026,2025학년도 이후 입학자 기준,major,0,2,2,1,전필,required,1,0,1,교육과정표 필수,HA1003,*패션테크놀로지,패션테크놀로지,0,3-2-1-0,3,2,1,0,2026학년도 교육과정 운영기준 및 편성표(2026.02.27.),470,6,원문 주석표시 * 제거,NORMALIZED_NAME
OFF0335,MATDES,소재디자인공학전공,1,2026,2025학년도 이후 입학자 기준,major,0,2,2,2,전필,required,1,0,1,교육과정표 필수,HA1020,*유기화학2,유기화학2,0,3-3-0-0,3,3,0,0,2026학년도 교육과정 운영기준 및 편성표(2026.02.27.),470,6,원문 주석표시 * 제거,NORMALIZED_NAME
OFF0336,MATDES,소재디자인공학전공,1,2026,2025학년도 이후 입학자 기준,major,0,2,2,1,전필,required,1,0,1,교육과정표 필수,HA1006,*패브릭설계,패브릭설계,1,3-3-0-0,3,3,0,0,2026학년도 교육과정 운영기준 및 편성표(2026.02.27.),470,7,원문 주석표시 * 제거,NORMALIZED_NAME
OFF0337,MATDES,소재디자인공학전공,1,2026,2025학년도 이후 입학자 기준,major,0,2,2,1,전선,elective,0,0,0,,HA1002,파이버공정,파이버공정,0,3-3-0-0,3,3,0,0,2026학년도 교육과정 운영기준 및 편성표(2026.02.27.),470,8,,
OFF0338,MATDES,소재디자인공학전공,1,2026,2025학년도 이후 입학자 기준,major,0,2,2,2,전선,elective,0,0,0,,HA1021,소재기획,소재기획,0,3-2-0-2,3,2,0,2,2026학년도 교육과정 운영기준 및 편성표(2026.02.27.),470,8,,
OFF0339,MATDES,소재디자인공학전공,1,2026,2025학년도 이후 입학자 기준,major,0,2,2,1,전선,elective,0,0,0,,HA1004,유기화학1,유기화학1,0,3-3-0-0,3,3,0,0,2026학년도 교육과정 운영기준 및 편성표(2026.02.27.),470,9,,
OFF0340,MATDES,소재디자인공학전공,1,2026,2025학년도 이후 입학자 기준,major,0,2,2,2,전선,elective,0,0,0,,HA1022,재료과학,재료과학,0,3-3-0-0,3,3,0,0,2026학년도 교육과정 운영기준 및 편성표(2026.02.27.),470,9,,
OFF0341,MATDES,소재디자인공학전공,1,2026,2025학년도 이후 입학자 기준,major,0,2,2,1,전선,elective,0,0,0,,HA1005,색채기획,색채기획,0,3-2-1-0,3,2,1,0,2026학년도 교육과정 운영기준 및 편성표(2026.02.27.),470,10,,
OFF0342,MATDES,소재디자인공학전공,1,2026,2025학년도 이후 입학자 기준,major,0,3,3,1,전필,required,1,0,1,교육과정표 필수,HA1007,*염색공학,염색공학,0,3-2-1-0,3,2,1,0,2026학년도 교육과정 운영기준 및 편성표(2026.02.27.),470,12,원문 주석표시 * 제거,NORMALIZED_NAME
OFF0343,MATDES,소재디자인공학전공,1,2026,2025학년도 이후 입학자 기준,major,0,3,3,2,전필,required,1,0,1,교육과정표 필수,HA1023,*신소재가공학,신소재가공학,0,3-2-1-0,3,2,1,0,2026학년도 교육과정 운영기준 및 편성표(2026.02.27.),470,12,원문 주석표시 * 제거,NORMALIZED_NAME
OFF0344,MATDES,소재디자인공학전공,1,2026,2025학년도 이후 입학자 기준,major,0,3,3,1,전필,required,1,0,1,교육과정표 필수,HA1012,*IT융합소재,IT융합소재,0,3-3-0-0,3,3,0,0,2026학년도 교육과정 운영기준 및 편성표(2026.02.27.),470,13,원문 주석표시 * 제거,NORMALIZED_NAME
OFF0345,MATDES,소재디자인공학전공,1,2026,2025학년도 이후 입학자 기준,major,0,3,3,2,전필,required,1,0,1,교육과정표 필수,HA1024,*염색가공실험,염색가공실험,0,3-0-2-2,3,0,2,2,2026학년도 교육과정 운영기준 및 편성표(2026.02.27.),470,13,원문 주석표시 * 제거,NORMALIZED_NAME
OFF0346,MATDES,소재디자인공학전공,1,2026,2025학년도 이후 입학자 기준,major,0,3,3,1,전선,elective,0,0,0,,HA1008,패션마케팅,패션마케팅,0,3-3-0-0,3,3,0,0,2026학년도 교육과정 운영기준 및 편성표(2026.02.27.),470,14,,
OFF0347,MATDES,소재디자인공학전공,1,2026,2025학년도 이후 입학자 기준,major,0,3,3,2,전선,elective,0,0,0,,HA1025,3D어패럴캐드,3D어패럴캐드,0,3-2-1-0,3,2,1,0,2026학년도 교육과정 운영기준 및 편성표(2026.02.27.),470,14,,
OFF0348,MATDES,소재디자인공학전공,1,2026,2025학년도 이후 입학자 기준,major,0,3,3,1,전선,elective,0,0,0,,HA1009,어패럴디자인,어패럴디자인,0,3-2-1-0,3,2,1,0,2026학년도 교육과정 운영기준 및 편성표(2026.02.27.),470,15,,
OFF0349,MATDES,소재디자인공학전공,1,2026,2025학년도 이후 입학자 기준,major,0,3,3,2,전선,elective,0,0,0,,HA1026,패션심리,패션심리,0,3-3-0-0,3,3,0,0,2026학년도 교육과정 운영기준 및 편성표(2026.02.27.),470,15,,
OFF0350,MATDES,소재디자인공학전공,1,2026,2025학년도 이후 입학자 기준,major,0,3,3,1,전선,elective,0,0,0,,HA1010,신소재합성,신소재합성,0,3-3-0-0,3,3,0,0,2026학년도 교육과정 운영기준 및 편성표(2026.02.27.),470,16,,
OFF0351,MATDES,소재디자인공학전공,1,2026,2025학년도 이후 입학자 기준,major,0,3,3,2,전선,elective,0,0,0,,HA1027,신소재기기분석,신소재기기분석,0,3-3-0-0,3,3,0,0,2026학년도 교육과정 운영기준 및 편성표(2026.02.27.),470,16,,
OFF0352,MATDES,소재디자인공학전공,1,2026,2025학년도 이후 입학자 기준,major,0,3,3,1,전선,elective,0,0,0,,HA1011,NT융합소재,NT융합소재,0,3-3-0-0,3,3,0,0,2026학년도 교육과정 운영기준 및 편성표(2026.02.27.),470,17,,
OFF0353,MATDES,소재디자인공학전공,1,2026,2025학년도 이후 입학자 기준,major,0,3,3,2,전선,elective,0,0,0,,HA1028,기능성어패럴제품설계,기능성어패럴제품설계,1,3-2-1-0,3,2,1,0,2026학년도 교육과정 운영기준 및 편성표(2026.02.27.),470,17,,
OFF0354,MATDES,소재디자인공학전공,1,2026,2025학년도 이후 입학자 기준,major,0,3,3,1,전선,elective,0,0,0,,HA1013,유기전자소재,유기전자소재,0,3-3-0-0,3,3,0,0,2026학년도 교육과정 운영기준 및 편성표(2026.02.27.),470,18,,
OFF0355,MATDES,소재디자인공학전공,1,2026,2025학년도 이후 입학자 기준,major,0,3,3,2,전선,elective,0,0,0,,HA1029,신소재탄소재료,신소재탄소재료,0,3-3-0-0,3,3,0,0,2026학년도 교육과정 운영기준 및 편성표(2026.02.27.),470,18,,
OFF0356,MATDES,소재디자인공학전공,1,2026,2025학년도 이후 입학자 기준,major,0,4,4,1,전필,required,1,0,1,교육과정표 필수,HA1014,*소재디자인공학창의종합설계1,소재디자인공학창의종합설계1,1,2-0-2-0,2,0,2,0,2026학년도 교육과정 운영기준 및 편성표(2026.02.27.),470,20,원문 주석표시 * 제거,NORMALIZED_NAME
OFF0357,MATDES,소재디자인공학전공,1,2026,2025학년도 이후 입학자 기준,major,0,4,4,1,전선,elective,0,0,0,,HA1015,패션브랜딩,패션브랜딩,0,3-2-1-0,3,2,1,0,2026학년도 교육과정 운영기준 및 편성표(2026.02.27.),470,21,,
OFF0358,MATDES,소재디자인공학전공,1,2026,2025학년도 이후 입학자 기준,major,0,4,4,2,전선,elective,0,0,0,,HA1030,패션텍스타일,패션텍스타일,0,3-2-1-0,3,2,1,0,2026학년도 교육과정 운영기준 및 편성표(2026.02.27.),470,21,,
OFF0359,MATDES,소재디자인공학전공,1,2026,2025학년도 이후 입학자 기준,major,0,4,4,1,전선,elective,0,0,0,,HA1016,신소재기능성개질,신소재기능성개질,0,3-3-0-0,3,3,0,0,2026학년도 교육과정 운영기준 및 편성표(2026.02.27.),470,22,,
OFF0360,MATDES,소재디자인공학전공,1,2026,2025학년도 이후 입학자 기준,major,0,4,4,2,전선,elective,0,0,0,,HA1031,산업용섬유,산업용섬유,0,3-3-0-0,3,3,0,0,2026학년도 교육과정 운영기준 및 편성표(2026.02.27.),470,22,,
OFF0361,MATDES,소재디자인공학전공,1,2026,2025학년도 이후 입학자 기준,major,0,4,4,1,전선,elective,0,0,0,,HA1017,패션제품평가,패션제품평가,0,3-2-1-0,3,2,1,0,2026학년도 교육과정 운영기준 및 편성표(2026.02.27.),470,23,,
OFF0362,MATDES,소재디자인공학전공,1,2026,2025학년도 이후 입학자 기준,major,0,4,4,2,전선,elective,0,0,0,,HA1032,의료용섬유신소재,의료용섬유신소재,0,3-2-1-0,3,2,1,0,2026학년도 교육과정 운영기준 및 편성표(2026.02.27.),470,23,,
OFF0363,MATDES,소재디자인공학전공,1,2026,2025학년도 이후 입학자 기준,major,0,4,4,1,전선,elective,0,0,0,,HA1018,신소재복합재료,신소재복합재료,0,3-3-0-0,3,3,0,0,2026학년도 교육과정 운영기준 및 편성표(2026.02.27.),470,24,,
OFF0364,MATDES,소재디자인공학전공,1,2026,2025학년도 이후 입학자 기준,major,0,4,4,2,전선,elective,0,0,0,,HA1033,소재디자인산업진로분석,소재디자인산업진로분석,0,3-3-0-0,3,3,0,0,2026학년도 교육과정 운영기준 및 편성표(2026.02.27.),470,24,,
OFF0365,MATDES,소재디자인공학전공,1,2026,2025학년도 이후 입학자 기준,major,0,4,4,2,전선,elective,0,0,0,,HA1034,*소재디자인공학창의종합설계2,소재디자인공학창의종합설계2,1,2-0-2-0,2,0,2,0,2026학년도 교육과정 운영기준 및 편성표(2026.02.27.),470,25,원문 주석표시 * 제거,NORMALIZED_NAME
OFF0366,CHEMENG,화학공학전공,1,2026,2025학년도 이후 입학자 기준,general_common,0,1,1,1,교필(공통),required,1,0,1,교육과정표 필수,LA0299,글쓰기와발표,글쓰기와발표,0,2-2-0-0,2,2,0,0,2026학년도 교육과정 운영기준 및 편성표(2026.02.27.),492,2,,
OFF0367,CHEMENG,화학공학전공,1,2026,2025학년도 이후 입학자 기준,general_common,0,1,1,2,교필(공통),required,1,0,1,교육과정표 필수,LA0365,글로벌커뮤니케이션,글로벌커뮤니케이션,0,3-3-0-0,3,3,0,0,2026학년도 교육과정 운영기준 및 편성표(2026.02.27.),492,2,,
OFF0368,CHEMENG,화학공학전공,1,2026,2025학년도 이후 입학자 기준,general_common,0,1,1,1,교필(공통),required,1,0,1,교육과정표 필수,LA0366,디지털문해력,디지털문해력,0,3-3-0-0,3,3,0,0,2026학년도 교육과정 운영기준 및 편성표(2026.02.27.),492,3,,
OFF0369,CHEMENG,화학공학전공,1,2026,2025학년도 이후 입학자 기준,academic_foundation_msc,1,1,1,1,교필(지정),required,1,0,1,교육과정표 필수,LA0500,대학수학1,대학수학1,0,3-3-0-0,3,3,0,0,2026학년도 교육과정 운영기준 및 편성표(2026.02.27.),493,2,,
OFF0370,CHEMENG,화학공학전공,1,2026,2025학년도 이후 입학자 기준,academic_foundation_msc,1,1,1,2,교필(지정),required,1,0,1,교육과정표 필수,LA0505,대학수학2,대학수학2,0,3-3-0-0,3,3,0,0,2026학년도 교육과정 운영기준 및 편성표(2026.02.27.),493,2,,
OFF0371,CHEMENG,화학공학전공,1,2026,2025학년도 이후 입학자 기준,academic_foundation_msc,1,1,1,1,교필(지정),required,1,0,1,교육과정표 필수,LA0501,일반물리학1,일반물리학1,0,3-3-0-0,3,3,0,0,2026학년도 교육과정 운영기준 및 편성표(2026.02.27.),493,3,,
OFF0372,CHEMENG,화학공학전공,1,2026,2025학년도 이후 입학자 기준,academic_foundation_msc,1,1,1,2,교필(지정),required,1,0,1,교육과정표 필수,LA0506,일반물리학2,일반물리학2,0,3-3-0-0,3,3,0,0,2026학년도 교육과정 운영기준 및 편성표(2026.02.27.),493,3,,
OFF0373,CHEMENG,화학공학전공,1,2026,2025학년도 이후 입학자 기준,academic_foundation_msc,1,1,1,1,교필(지정),required,1,0,1,교육과정표 필수,LA0502,일반물리학실험1,일반물리학실험1,0,1-0-0-2,1,0,0,2,2026학년도 교육과정 운영기준 및 편성표(2026.02.27.),493,4,,
OFF0374,CHEMENG,화학공학전공,1,2026,2025학년도 이후 입학자 기준,academic_foundation_msc,1,1,1,2,교필(지정),required,1,0,1,교육과정표 필수,LA0507,일반물리학실험2,일반물리학실험2,0,1-0-0-2,1,0,0,2,2026학년도 교육과정 운영기준 및 편성표(2026.02.27.),493,4,,
OFF0375,CHEMENG,화학공학전공,1,2026,2025학년도 이후 입학자 기준,academic_foundation_msc,1,1,1,1,교필(지정),required,1,0,1,교육과정표 필수,LA0503,일반화학1,일반화학1,0,3-3-0-0,3,3,0,0,2026학년도 교육과정 운영기준 및 편성표(2026.02.27.),493,5,,
OFF0376,CHEMENG,화학공학전공,1,2026,2025학년도 이후 입학자 기준,academic_foundation_msc,1,1,1,2,교필(지정),required,1,0,1,교육과정표 필수,LA0508,일반화학2,일반화학2,0,3-3-0-0,3,3,0,0,2026학년도 교육과정 운영기준 및 편성표(2026.02.27.),493,5,,
OFF0377,CHEMENG,화학공학전공,1,2026,2025학년도 이후 입학자 기준,academic_foundation_msc,1,1,1,1,교필(지정),required,1,0,1,교육과정표 필수,LA0504,일반화학실험1,일반화학실험1,0,1-0-0-2,1,0,0,2,2026학년도 교육과정 운영기준 및 편성표(2026.02.27.),493,6,,
OFF0378,CHEMENG,화학공학전공,1,2026,2025학년도 이후 입학자 기준,academic_foundation_msc,1,1,1,2,교필(지정),required,1,0,1,교육과정표 필수,LA0509,일반화학실험2,일반화학실험2,0,1-0-0-2,1,0,0,2,2026학년도 교육과정 운영기준 및 편성표(2026.02.27.),493,6,,
OFF0379,CHEMENG,화학공학전공,1,2026,2025학년도 이후 입학자 기준,academic_foundation_msc,1,2,2,1,교필(지정),required,1,0,1,교육과정표 필수,LA0511,공학수학1,공학수학1,0,3-3-0-0,3,3,0,0,2026학년도 교육과정 운영기준 및 편성표(2026.02.27.),493,8,,
OFF0380,CHEMENG,화학공학전공,1,2026,2025학년도 이후 입학자 기준,academic_foundation_msc,1,2,2,2,교필(지정),required,1,0,1,교육과정표 필수,LA0512,공학수학2,공학수학2,0,3-3-0-0,3,3,0,0,2026학년도 교육과정 운영기준 및 편성표(2026.02.27.),493,8,,
OFF0381,CHEMENG,화학공학전공,1,2026,2025학년도 이후 입학자 기준,major,0,0,전학년,1,전선,elective,0,0,0,,FP0001,지도교수상담,지도교수상담,0,0-0-0-0,0,0,0,0,2026학년도 교육과정 운영기준 및 편성표(2026.02.27.),501,2,,
OFF0382,CHEMENG,화학공학전공,1,2026,2025학년도 이후 입학자 기준,major,0,0,전학년,2,전선,elective,0,0,0,,FP0001,지도교수상담,지도교수상담,0,0-0-0-0,0,0,0,0,2026학년도 교육과정 운영기준 및 편성표(2026.02.27.),501,2,,
OFF0383,CHEMENG,화학공학전공,1,2026,2025학년도 이후 입학자 기준,major,0,1,1,2,전선,elective,0,1,1,공학교육인증 유지 전공의 창의입문설계 요건,HA0001,창의입문설계*,창의입문설계,1,3-0-3-0,3,0,3,0,2026학년도 교육과정 운영기준 및 편성표(2026.02.27.),501,3,원문 주석표시 * 제거,NORMALIZED_NAME
OFF0384,CHEMENG,화학공학전공,1,2026,2025학년도 이후 입학자 기준,major,0,2,2,1,전필,required,1,0,1,교육과정표 필수,HA2002,화공양론*,화공양론,0,3-3-0-0,3,3,0,0,2026학년도 교육과정 운영기준 및 편성표(2026.02.27.),501,5,원문 주석표시 * 제거,NORMALIZED_NAME
OFF0385,CHEMENG,화학공학전공,1,2026,2025학년도 이후 입학자 기준,major,0,2,2,2,전필,required,1,0,1,교육과정표 필수,HA2020,유기화학2*,유기화학2,0,3-3-0-0,3,3,0,0,2026학년도 교육과정 운영기준 및 편성표(2026.02.27.),501,5,원문 주석표시 * 제거,NORMALIZED_NAME
OFF0386,CHEMENG,화학공학전공,1,2026,2025학년도 이후 입학자 기준,major,0,2,2,2,전필,required,1,0,1,교육과정표 필수,HA2021,물리화학2*,물리화학2,0,3-3-0-0,3,3,0,0,2026학년도 교육과정 운영기준 및 편성표(2026.02.27.),501,6,원문 주석표시 * 제거,NORMALIZED_NAME
OFF0387,CHEMENG,화학공학전공,1,2026,2025학년도 이후 입학자 기준,major,0,2,2,1,전선,elective,0,0,0,,HA2003,유기화학1*,유기화학1,0,3-3-0-0,3,3,0,0,2026학년도 교육과정 운영기준 및 편성표(2026.02.27.),501,7,원문 주석표시 * 제거,NORMALIZED_NAME
OFF0388,CHEMENG,화학공학전공,1,2026,2025학년도 이후 입학자 기준,major,0,2,2,2,전선,elective,0,0,0,,HA2022,에너지석유화학*,에너지석유화학,0,3-3-0-0,3,3,0,0,2026학년도 교육과정 운영기준 및 편성표(2026.02.27.),501,7,원문 주석표시 * 제거,NORMALIZED_NAME
OFF0389,CHEMENG,화학공학전공,1,2026,2025학년도 이후 입학자 기준,major,0,2,2,1,전선,elective,0,0,0,,HA2004,물리화학1*,물리화학1,0,3-3-0-0,3,3,0,0,2026학년도 교육과정 운영기준 및 편성표(2026.02.27.),501,8,원문 주석표시 * 제거,NORMALIZED_NAME
OFF0390,CHEMENG,화학공학전공,1,2026,2025학년도 이후 입학자 기준,major,0,2,2,2,전선,elective,0,0,0,,HA2023,분석화학,분석화학,0,3-3-0-0,3,3,0,0,2026학년도 교육과정 운영기준 및 편성표(2026.02.27.),501,8,,
OFF0391,CHEMENG,화학공학전공,1,2026,2025학년도 이후 입학자 기준,major,0,2,2,1,전선,elective,0,0,0,,HA2005,화공개론,화공개론,0,3-3-0-0,3,3,0,0,2026학년도 교육과정 운영기준 및 편성표(2026.02.27.),501,9,,
OFF0392,CHEMENG,화학공학전공,1,2026,2025학년도 이후 입학자 기준,major,0,2,2,2,전선,elective,0,0,0,,HA2024,생체의공학,생체의공학,0,3-3-0-0,3,3,0,0,2026학년도 교육과정 운영기준 및 편성표(2026.02.27.),501,9,,
OFF0393,CHEMENG,화학공학전공,1,2026,2025학년도 이후 입학자 기준,major,0,2,2,1,전선,elective,0,0,0,,HA2006,화공프로그래밍기초,화공프로그래밍기초,0,3-3-0-0,3,3,0,0,2026학년도 교육과정 운영기준 및 편성표(2026.02.27.),501,10,,
OFF0394,CHEMENG,화학공학전공,1,2026,2025학년도 이후 입학자 기준,major,0,2,2,1,전선,elective,0,0,0,,HA2007,나노바이오공학,나노바이오공학,0,3-3-0-0,3,3,0,0,2026학년도 교육과정 운영기준 및 편성표(2026.02.27.),501,11,,
OFF0395,CHEMENG,화학공학전공,1,2026,2025학년도 이후 입학자 기준,major,0,3,3,1,전필,required,1,0,1,교육과정표 필수,HA2008,열역학*,열역학,0,3-3-0-0,3,3,0,0,2026학년도 교육과정 운영기준 및 편성표(2026.02.27.),501,13,원문 주석표시 * 제거,NORMALIZED_NAME
OFF0396,CHEMENG,화학공학전공,1,2026,2025학년도 이후 입학자 기준,major,0,3,3,2,전필,required,1,0,1,교육과정표 필수,HA2025,열및물질전달*,열및물질전달,0,3-3-0-0,3,3,0,0,2026학년도 교육과정 운영기준 및 편성표(2026.02.27.),501,13,원문 주석표시 * 제거,NORMALIZED_NAME
OFF0397,CHEMENG,화학공학전공,1,2026,2025학년도 이후 입학자 기준,major,0,3,3,1,전필,required,1,0,1,교육과정표 필수,HA2009,유체역학*,유체역학,0,3-3-0-0,3,3,0,0,2026학년도 교육과정 운영기준 및 편성표(2026.02.27.),501,14,원문 주석표시 * 제거,NORMALIZED_NAME
OFF0398,CHEMENG,화학공학전공,1,2026,2025학년도 이후 입학자 기준,major,0,3,3,2,전필,required,1,0,1,교육과정표 필수,HA2026,반응공학*,반응공학,0,3-3-0-0,3,3,0,0,2026학년도 교육과정 운영기준 및 편성표(2026.02.27.),501,14,원문 주석표시 * 제거,NORMALIZED_NAME
OFF0399,CHEMENG,화학공학전공,1,2026,2025학년도 이후 입학자 기준,major,0,3,3,1,전필,required,1,0,1,교육과정표 필수,HA2010,화공실험1*,화공실험1,0,2-0-0-4,2,0,0,4,2026학년도 교육과정 운영기준 및 편성표(2026.02.27.),501,15,원문 주석표시 * 제거,NORMALIZED_NAME
OFF0400,CHEMENG,화학공학전공,1,2026,2025학년도 이후 입학자 기준,major,0,3,3,2,전필,required,1,0,1,교육과정표 필수,HA2027,화공실험2*,화공실험2,0,2-0-0-4,2,0,0,4,2026학년도 교육과정 운영기준 및 편성표(2026.02.27.),501,15,원문 주석표시 * 제거,NORMALIZED_NAME
OFF0401,CHEMENG,화학공학전공,1,2026,2025학년도 이후 입학자 기준,major,0,3,3,1,전선,elective,0,0,0,,HA2011,창의융합형화공설계*,창의융합형화공설계,1,3-0-3-0,3,0,3,0,2026학년도 교육과정 운영기준 및 편성표(2026.02.27.),501,16,원문 주석표시 * 제거,NORMALIZED_NAME
OFF0402,CHEMENG,화학공학전공,1,2026,2025학년도 이후 입학자 기준,major,0,3,3,2,전선,elective,0,0,0,,HA2028,재료화학공학,재료화학공학,0,3-3-0-0,3,3,0,0,2026학년도 교육과정 운영기준 및 편성표(2026.02.27.),501,16,,
OFF0403,CHEMENG,화학공학전공,1,2026,2025학년도 이후 입학자 기준,major,0,3,3,1,전선,elective,0,0,0,,HA2012,신재생에너지공학,신재생에너지공학,0,3-3-0-0,3,3,0,0,2026학년도 교육과정 운영기준 및 편성표(2026.02.27.),501,17,,
OFF0404,CHEMENG,화학공학전공,1,2026,2025학년도 이후 입학자 기준,major,0,3,3,2,전선,elective,0,0,0,,HA2029,환경공학,환경공학,0,3-3-0-0,3,3,0,0,2026학년도 교육과정 운영기준 및 편성표(2026.02.27.),501,17,,
OFF0405,CHEMENG,화학공학전공,1,2026,2025학년도 이후 입학자 기준,major,0,3,3,1,전선,elective,0,0,0,,HA2013,고분자물성,고분자물성,0,3-3-0-0,3,3,0,0,2026학년도 교육과정 운영기준 및 편성표(2026.02.27.),501,18,,
OFF0406,CHEMENG,화학공학전공,1,2026,2025학년도 이후 입학자 기준,major,0,3,3,2,전선,elective,0,0,0,,HA2030,고분자가공,고분자가공,0,3-3-0-0,3,3,0,0,2026학년도 교육과정 운영기준 및 편성표(2026.02.27.),501,18,,
OFF0407,CHEMENG,화학공학전공,1,2026,2025학년도 이후 입학자 기준,major,0,4,4,1,전필,required,1,0,1,교육과정표 필수,HA2014,분리공정*,분리공정,0,3-3-0-0,3,3,0,0,2026학년도 교육과정 운영기준 및 편성표(2026.02.27.),501,20,원문 주석표시 * 제거,NORMALIZED_NAME
OFF0408,CHEMENG,화학공학전공,1,2026,2025학년도 이후 입학자 기준,major,0,4,4,1,전필,required,1,0,1,교육과정표 필수,HA2015,종합설계1*,종합설계1,1,3-0-3-0,3,0,3,0,2026학년도 교육과정 운영기준 및 편성표(2026.02.27.),501,21,원문 주석표시 * 제거,NORMALIZED_NAME
OFF0409,CHEMENG,화학공학전공,1,2026,2025학년도 이후 입학자 기준,major,0,4,4,1,전선,elective,0,0,0,,HA2016,공학연구1*,공학연구1,0,3-3-0-0,3,3,0,0,2026학년도 교육과정 운영기준 및 편성표(2026.02.27.),501,22,원문 주석표시 * 제거,NORMALIZED_NAME
OFF0410,CHEMENG,화학공학전공,1,2026,2025학년도 이후 입학자 기준,major,0,4,4,2,전선,elective,0,0,0,,HA2031,종합설계2*,종합설계2,1,3-0-3-0,3,0,3,0,2026학년도 교육과정 운영기준 및 편성표(2026.02.27.),501,22,원문 주석표시 * 제거,NORMALIZED_NAME
OFF0411,CHEMENG,화학공학전공,1,2026,2025학년도 이후 입학자 기준,major,0,4,4,1,전선,elective,0,0,0,,HA2017,촉매공학,촉매공학,0,3-3-0-0,3,3,0,0,2026학년도 교육과정 운영기준 및 편성표(2026.02.27.),501,23,,
OFF0412,CHEMENG,화학공학전공,1,2026,2025학년도 이후 입학자 기준,major,0,4,4,2,전선,elective,0,0,0,,HA2032,공학연구2*,공학연구2,0,3-3-0-0,3,3,0,0,2026학년도 교육과정 운영기준 및 편성표(2026.02.27.),501,23,원문 주석표시 * 제거,NORMALIZED_NAME
OFF0413,CHEMENG,화학공학전공,1,2026,2025학년도 이후 입학자 기준,major,0,4,4,1,전선,elective,0,0,0,,HA2018,공정제어,공정제어,0,3-3-0-0,3,3,0,0,2026학년도 교육과정 운영기준 및 편성표(2026.02.27.),501,24,,
OFF0414,CHEMENG,화학공학전공,1,2026,2025학년도 이후 입학자 기준,major,0,4,4,2,전선,elective,0,0,0,,HA2033,탄소소재,탄소소재,0,3-3-0-0,3,3,0,0,2026학년도 교육과정 운영기준 및 편성표(2026.02.27.),501,24,,
OFF0415,CHEMENG,화학공학전공,1,2026,2025학년도 이후 입학자 기준,major,0,4,4,1,전선,elective,0,0,0,,HA2019,반도체공정,반도체공정,0,3-3-0-0,3,3,0,0,2026학년도 교육과정 운영기준 및 편성표(2026.02.27.),501,25,,
OFF0416,CHEMENG,화학공학전공,1,2026,2025학년도 이후 입학자 기준,major,0,4,4,2,전선,elective,0,0,0,,HA2034,화학공정공학,화학공정공학,0,3-3-0-0,3,3,0,0,2026학년도 교육과정 운영기준 및 편성표(2026.02.27.),501,25,,
OFF0417,CHEMBIO,화학생명소재전공,0,2026,2025학년도 이후 입학자 기준,general_common,0,1,1,1,교필 (공통),required,1,0,1,교육과정표 필수,LA0299,글쓰기와발표,글쓰기와발표,0,2-2-0-0,2,2,0,0,2026학년도 교육과정 운영기준 및 편성표(2026.02.27.),517,2,,
OFF0418,CHEMBIO,화학생명소재전공,0,2026,2025학년도 이후 입학자 기준,general_common,0,1,1,2,교필 (공통),required,1,0,1,교육과정표 필수,LA0365,글로벌커뮤니케이션,글로벌커뮤니케이션,0,3-3-0-0,3,3,0,0,2026학년도 교육과정 운영기준 및 편성표(2026.02.27.),517,2,,
OFF0419,CHEMBIO,화학생명소재전공,0,2026,2025학년도 이후 입학자 기준,general_common,0,1,1,1,교필 (공통),required,1,0,1,교육과정표 필수,LA0366,디지털문해력,디지털문해력,0,3-3-0-0,3,3,0,0,2026학년도 교육과정 운영기준 및 편성표(2026.02.27.),517,3,,
OFF0420,CHEMBIO,화학생명소재전공,0,2026,2025학년도 이후 입학자 기준,academic_foundation_msc,1,1,1,1,교필(지정),required,1,0,1,교육과정표 필수,LA0500,대학수학1,대학수학1,0,3-3-0-0,3,3,0,0,2026학년도 교육과정 운영기준 및 편성표(2026.02.27.),518,2,,
OFF0421,CHEMBIO,화학생명소재전공,0,2026,2025학년도 이후 입학자 기준,academic_foundation_msc,1,1,1,2,교필(지정),required,1,0,1,교육과정표 필수,LA0505,대학수학2,대학수학2,0,3-3-0-0,3,3,0,0,2026학년도 교육과정 운영기준 및 편성표(2026.02.27.),518,2,,
OFF0422,CHEMBIO,화학생명소재전공,0,2026,2025학년도 이후 입학자 기준,academic_foundation_msc,1,1,1,1,교필(지정),required,1,0,1,교육과정표 필수,LA0501,일반물리학1,일반물리학1,0,3-3-0-0,3,3,0,0,2026학년도 교육과정 운영기준 및 편성표(2026.02.27.),518,3,,
OFF0423,CHEMBIO,화학생명소재전공,0,2026,2025학년도 이후 입학자 기준,academic_foundation_msc,1,1,1,2,교필(지정),required,1,0,1,교육과정표 필수,LA0506,일반물리학2,일반물리학2,0,3-3-0-0,3,3,0,0,2026학년도 교육과정 운영기준 및 편성표(2026.02.27.),518,3,,
OFF0424,CHEMBIO,화학생명소재전공,0,2026,2025학년도 이후 입학자 기준,academic_foundation_msc,1,1,1,1,교필(지정),required,1,0,1,교육과정표 필수,LA0502,일반물리학실험1,일반물리학실험1,0,1-0-0-2,1,0,0,2,2026학년도 교육과정 운영기준 및 편성표(2026.02.27.),518,4,,
OFF0425,CHEMBIO,화학생명소재전공,0,2026,2025학년도 이후 입학자 기준,academic_foundation_msc,1,1,1,2,교필(지정),required,1,0,1,교육과정표 필수,LA0507,일반물리학실험2,일반물리학실험2,0,1-0-0-2,1,0,0,2,2026학년도 교육과정 운영기준 및 편성표(2026.02.27.),518,4,,
OFF0426,CHEMBIO,화학생명소재전공,0,2026,2025학년도 이후 입학자 기준,academic_foundation_msc,1,1,1,1,교필(지정),required,1,0,1,교육과정표 필수,LA0503,일반화학1,일반화학1,0,3-3-0-0,3,3,0,0,2026학년도 교육과정 운영기준 및 편성표(2026.02.27.),518,5,,
OFF0427,CHEMBIO,화학생명소재전공,0,2026,2025학년도 이후 입학자 기준,academic_foundation_msc,1,1,1,2,교필(지정),required,1,0,1,교육과정표 필수,LA0508,일반화학2,일반화학2,0,3-3-0-0,3,3,0,0,2026학년도 교육과정 운영기준 및 편성표(2026.02.27.),518,5,,
OFF0428,CHEMBIO,화학생명소재전공,0,2026,2025학년도 이후 입학자 기준,academic_foundation_msc,1,1,1,1,교필(지정),required,1,0,1,교육과정표 필수,LA0504,일반화학실험1,일반화학실험1,0,1-0-0-2,1,0,0,2,2026학년도 교육과정 운영기준 및 편성표(2026.02.27.),518,6,,
OFF0429,CHEMBIO,화학생명소재전공,0,2026,2025학년도 이후 입학자 기준,academic_foundation_msc,1,1,1,2,교필(지정),required,1,0,1,교육과정표 필수,LA0509,일반화학실험2,일반화학실험2,0,1-0-0-2,1,0,0,2,2026학년도 교육과정 운영기준 및 편성표(2026.02.27.),518,6,,
OFF0430,CHEMBIO,화학생명소재전공,0,2026,2025학년도 이후 입학자 기준,major,0,0,전학년,1,전선,elective,0,0,0,,FP0001,지도교수상담,지도교수상담,0,0-0-0-0,0,0,0,0,2026학년도 교육과정 운영기준 및 편성표(2026.02.27.),521,2,,
OFF0431,CHEMBIO,화학생명소재전공,0,2026,2025학년도 이후 입학자 기준,major,0,0,전학년,2,전선,elective,0,0,0,,FP0001,지도교수상담,지도교수상담,0,0-0-0-0,0,0,0,0,2026학년도 교육과정 운영기준 및 편성표(2026.02.27.),521,2,,
OFF0432,CHEMBIO,화학생명소재전공,0,2026,2025학년도 이후 입학자 기준,major,0,1,1학년,2,전선,elective,0,0,0,,HA0001,창의입문설계,창의입문설계,1,3-0-3-0,3,0,3,0,2026학년도 교육과정 운영기준 및 편성표(2026.02.27.),521,3,,
OFF0433,CHEMBIO,화학생명소재전공,0,2026,2025학년도 이후 입학자 기준,major,0,2,2학년,1,전필,required,1,0,1,교육과정표 필수,HA3002,유기화학1,유기화학1,0,3-3-0-0,3,3,0,0,2026학년도 교육과정 운영기준 및 편성표(2026.02.27.),521,5,,
OFF0434,CHEMBIO,화학생명소재전공,0,2026,2025학년도 이후 입학자 기준,major,0,2,2학년,2,전필,required,1,0,1,교육과정표 필수,HA3006,무기화학1,무기화학1,0,3-3-0-0,3,3,0,0,2026학년도 교육과정 운영기준 및 편성표(2026.02.27.),521,5,,
OFF0435,CHEMBIO,화학생명소재전공,0,2026,2025학년도 이후 입학자 기준,major,0,2,2학년,1,전필,required,1,0,1,교육과정표 필수,HA3003,분석화학1,분석화학1,0,3-3-0-0,3,3,0,0,2026학년도 교육과정 운영기준 및 편성표(2026.02.27.),521,6,,
OFF0436,CHEMBIO,화학생명소재전공,0,2026,2025학년도 이후 입학자 기준,major,0,2,2학년,2,전필,required,1,0,1,교육과정표 필수,HA3008,물리화학2,물리화학2,0,3-3-0-0,3,3,0,0,2026학년도 교육과정 운영기준 및 편성표(2026.02.27.),521,6,,
OFF0437,CHEMBIO,화학생명소재전공,0,2026,2025학년도 이후 입학자 기준,major,0,2,2학년,1,전필,required,1,0,1,교육과정표 필수,HA3004,세포생물학1,세포생물학1,0,3-3-0-0,3,3,0,0,2026학년도 교육과정 운영기준 및 편성표(2026.02.27.),521,7,,
OFF0438,CHEMBIO,화학생명소재전공,0,2026,2025학년도 이후 입학자 기준,major,0,2,2학년,1,전필,required,1,0,1,교육과정표 필수,HA3007,재료화학1,재료화학1,0,3-3-0-0,3,3,0,0,2026학년도 교육과정 운영기준 및 편성표(2026.02.27.),521,8,,
OFF0439,CHEMBIO,화학생명소재전공,0,2026,2025학년도 이후 입학자 기준,major,0,2,2학년,1,전선,elective,0,0,0,,HA3001,물리화학1,물리화학1,0,3-3-0-0,3,3,0,0,2026학년도 교육과정 운영기준 및 편성표(2026.02.27.),521,9,,
OFF0440,CHEMBIO,화학생명소재전공,0,2026,2025학년도 이후 입학자 기준,major,0,2,2학년,2,전선,elective,0,0,0,,HA3009,유기화학2,유기화학2,0,3-3-0-0,3,3,0,0,2026학년도 교육과정 운영기준 및 편성표(2026.02.27.),521,9,,
OFF0441,CHEMBIO,화학생명소재전공,0,2026,2025학년도 이후 입학자 기준,major,0,2,2학년,1,전선,elective,0,0,0,,HA3005,생명공학개론,생명공학개론,0,3-3-0-0,3,3,0,0,2026학년도 교육과정 운영기준 및 편성표(2026.02.27.),521,10,,
OFF0442,CHEMBIO,화학생명소재전공,0,2026,2025학년도 이후 입학자 기준,major,0,2,2학년,2,전선,elective,0,0,0,,HA3010,분석화학2,분석화학2,0,3-3-0-0,3,3,0,0,2026학년도 교육과정 운영기준 및 편성표(2026.02.27.),521,10,,
OFF0443,CHEMBIO,화학생명소재전공,0,2026,2025학년도 이후 입학자 기준,major,0,2,2학년,2,전선,elective,0,0,0,,HA3011,세포생물학2,세포생물학2,0,3-3-0-0,3,3,0,0,2026학년도 교육과정 운영기준 및 편성표(2026.02.27.),521,11,,
OFF0444,CHEMBIO,화학생명소재전공,0,2026,2025학년도 이후 입학자 기준,major,0,2,2학년,2,전선,elective,0,0,0,,HA3012,물리화학실험,물리화학실험,0,2-0-0-4,2,0,0,4,2026학년도 교육과정 운영기준 및 편성표(2026.02.27.),521,12,,
OFF0445,CHEMBIO,화학생명소재전공,0,2026,2025학년도 이후 입학자 기준,major,0,2,2학년,2,전선,elective,0,0,0,,HA3018,재료화학2,재료화학2,0,3-3-0-0,3,3,0,0,2026학년도 교육과정 운영기준 및 편성표(2026.02.27.),521,13,,
OFF0446,CHEMBIO,화학생명소재전공,0,2026,2025학년도 이후 입학자 기준,major,0,3,3학년,1,전필,required,1,0,1,교육과정표 필수,HA3013,화학생명소재실험1,화학생명소재실험1,0,2-0-0-4,2,0,0,4,2026학년도 교육과정 운영기준 및 편성표(2026.02.27.),521,15,,
OFF0447,CHEMBIO,화학생명소재전공,0,2026,2025학년도 이후 입학자 기준,major,0,3,3학년,2,전필,required,1,0,1,교육과정표 필수,HA3021,화학생명소재실험2,화학생명소재실험2,0,2-0-0-4,2,0,0,4,2026학년도 교육과정 운영기준 및 편성표(2026.02.27.),521,15,,
OFF0448,CHEMBIO,화학생명소재전공,0,2026,2025학년도 이후 입학자 기준,major,0,3,3학년,1,전필,required,1,0,1,교육과정표 필수,HA3014,생화학,생화학,0,3-3-0-0,3,3,0,0,2026학년도 교육과정 운영기준 및 편성표(2026.02.27.),521,16,,
OFF0449,CHEMBIO,화학생명소재전공,0,2026,2025학년도 이후 입학자 기준,major,0,3,3학년,1,전선,elective,0,0,0,,HA3015,무기화학2,무기화학2,0,3-3-0-0,3,3,0,0,2026학년도 교육과정 운영기준 및 편성표(2026.02.27.),521,17,,
OFF0450,CHEMBIO,화학생명소재전공,0,2026,2025학년도 이후 입학자 기준,major,0,3,3학년,2,전선,elective,0,0,0,,HA3017,화합물구조분석,화합물구조분석,0,3-3-0-0,3,3,0,0,2026학년도 교육과정 운영기준 및 편성표(2026.02.27.),521,17,,
OFF0451,CHEMBIO,화학생명소재전공,0,2026,2025학년도 이후 입학자 기준,major,0,3,3학년,1,전선,elective,0,0,0,,HA3016,구조화학,구조화학,0,3-3-0-0,3,3,0,0,2026학년도 교육과정 운영기준 및 편성표(2026.02.27.),521,18,,
OFF0452,CHEMBIO,화학생명소재전공,0,2026,2025학년도 이후 입학자 기준,major,0,3,3학년,2,전선,elective,0,0,0,,HA3022,생무기화학,생무기화학,0,3-3-0-0,3,3,0,0,2026학년도 교육과정 운영기준 및 편성표(2026.02.27.),521,18,,
OFF0453,CHEMBIO,화학생명소재전공,0,2026,2025학년도 이후 입학자 기준,major,0,3,3학년,1,전선,elective,0,0,0,,HA3019,기기분석,기기분석,0,3-3-0-0,3,3,0,0,2026학년도 교육과정 운영기준 및 편성표(2026.02.27.),521,19,,
OFF0454,CHEMBIO,화학생명소재전공,0,2026,2025학년도 이후 입학자 기준,major,0,3,3학년,2,전선,elective,0,0,0,,HA3023,분광학,분광학,0,3-3-0-0,3,3,0,0,2026학년도 교육과정 운영기준 및 편성표(2026.02.27.),521,19,,
OFF0455,CHEMBIO,화학생명소재전공,0,2026,2025학년도 이후 입학자 기준,major,0,3,3학년,1,전선,elective,0,0,0,,HA3020,면역학,면역학,0,3-3-0-0,3,3,0,0,2026학년도 교육과정 운영기준 및 편성표(2026.02.27.),521,20,,
OFF0456,CHEMBIO,화학생명소재전공,0,2026,2025학년도 이후 입학자 기준,major,0,3,3학년,2,전선,elective,0,0,0,,HA3024,유전공학,유전공학,0,3-3-0-0,3,3,0,0,2026학년도 교육과정 운영기준 및 편성표(2026.02.27.),521,20,,
OFF0457,CHEMBIO,화학생명소재전공,0,2026,2025학년도 이후 입학자 기준,major,0,3,3학년,1,전선,elective,0,0,0,,HA3025,고분자화학,고분자화학,0,3-3-0-0,3,3,0,0,2026학년도 교육과정 운영기준 및 편성표(2026.02.27.),521,21,,
OFF0458,CHEMBIO,화학생명소재전공,0,2026,2025학년도 이후 입학자 기준,major,0,3,3학년,2,전선,elective,0,0,0,,HA3026,전기화학공학,전기화학공학,0,3-3-0-0,3,3,0,0,2026학년도 교육과정 운영기준 및 편성표(2026.02.27.),521,21,,
OFF0459,CHEMBIO,화학생명소재전공,0,2026,2025학년도 이후 입학자 기준,major,0,3,3학년,2,전선,elective,0,0,0,,HA3027,병태생리학,병태생리학,0,3-3-0-0,3,3,0,0,2026학년도 교육과정 운영기준 및 편성표(2026.02.27.),521,22,,INFERRED_REQUIREMENT_FROM_PREVIOUS_ROW
OFF0460,CHEMBIO,화학생명소재전공,0,2026,2025학년도 이후 입학자 기준,major,0,4,4학년,1,전선,elective,0,0,0,,HA3028,초분자화학,초분자화학,0,3-3-0-0,3,3,0,0,2026학년도 교육과정 운영기준 및 편성표(2026.02.27.),521,24,,
OFF0461,CHEMBIO,화학생명소재전공,0,2026,2025학년도 이후 입학자 기준,major,0,4,4학년,2,전선,elective,0,0,0,,HA3034,효소화학,효소화학,0,3-3-0-0,3,3,0,0,2026학년도 교육과정 운영기준 및 편성표(2026.02.27.),521,24,,
OFF0462,CHEMBIO,화학생명소재전공,0,2026,2025학년도 이후 입학자 기준,major,0,4,4학년,1,전선,elective,0,0,0,,HA3029,고체화학,고체화학,0,3-3-0-0,3,3,0,0,2026학년도 교육과정 운영기준 및 편성표(2026.02.27.),521,25,,
OFF0463,CHEMBIO,화학생명소재전공,0,2026,2025학년도 이후 입학자 기준,major,0,4,4학년,2,전선,elective,0,0,0,,HA3035,나노융합화학,나노융합화학,0,3-3-0-0,3,3,0,0,2026학년도 교육과정 운영기준 및 편성표(2026.02.27.),521,25,,
OFF0464,CHEMBIO,화학생명소재전공,0,2026,2025학년도 이후 입학자 기준,major,0,4,4학년,1,전선,elective,0,0,0,,HA3030,화장품공학,화장품공학,0,3-3-0-0,3,3,0,0,2026학년도 교육과정 운영기준 및 편성표(2026.02.27.),521,26,,
OFF0465,CHEMBIO,화학생명소재전공,0,2026,2025학년도 이후 입학자 기준,major,0,4,4학년,2,전선,elective,0,0,0,,HA3036,나노의학개론,나노의학개론,0,3-3-0-0,3,3,0,0,2026학년도 교육과정 운영기준 및 편성표(2026.02.27.),521,26,,
OFF0466,CHEMBIO,화학생명소재전공,0,2026,2025학년도 이후 입학자 기준,major,0,4,4학년,1,전선,elective,0,0,0,,HA3031,바이오융합화학,바이오융합화학,0,3-3-0-0,3,3,0,0,2026학년도 교육과정 운영기준 및 편성표(2026.02.27.),521,27,,
OFF0467,CHEMBIO,화학생명소재전공,0,2026,2025학년도 이후 입학자 기준,major,0,4,4학년,2,전선,elective,0,0,0,,HA3037,화학생명소재심화탐구,화학생명소재심화탐구,0,3-3-0-0,3,3,0,0,2026학년도 교육과정 운영기준 및 편성표(2026.02.27.),521,27,,
OFF0468,CHEMBIO,화학생명소재전공,0,2026,2025학년도 이후 입학자 기준,major,0,4,4학년,1,전선,elective,0,0,0,,HA3032,에너지소재화학,에너지소재화학,0,3-3-0-0,3,3,0,0,2026학년도 교육과정 운영기준 및 편성표(2026.02.27.),521,28,,
OFF0469,CHEMBIO,화학생명소재전공,0,2026,2025학년도 이후 입학자 기준,major,0,4,4학년,2,전선,elective,0,0,0,,HA3038,화학생명소재종합설계2,화학생명소재종합설계2,1,3-0-3-0,3,0,3,0,2026학년도 교육과정 운영기준 및 편성표(2026.02.27.),521,28,,
OFF0470,CHEMBIO,화학생명소재전공,0,2026,2025학년도 이후 입학자 기준,major,0,4,4학년,1,전선,elective,0,0,0,,HA3033,화학생명소재종합설계1,화학생명소재종합설계1,1,3-0-3-0,3,0,3,0,2026학년도 교육과정 운영기준 및 편성표(2026.02.27.),521,29,,
